Mes;07B1524;07B2529;07B3034;07B35;8B1524;8B2529;8B3034;8B35;12B1524;12B2529;12B3034;12B35;07CR1524;07CR2529;07CR3034;07CR35;8CR1524;8CR2529;8CR3034;8CR35;12CR1524;12CR2529;12CR3034;12CR35;07CB1524;07CB2529;07CB3034;07CB35;8CB1524;8CB2529;8CB3034;8CB35;12CB1524;12CB2529;12CB3034;12CB35;07M1524;07M2529;07M3034;07M35;8M1524;8M2529;8M3034;8M35;12M1524;12M2529;12M3034;12M35;07CH1524;07CH2529;07CH3034;07CH35;8CH1524;8CH2529;8CH3034;8CH35;12CH1524;12CH2529;12CH3034;12CH35;00B1524;00B2529;00B3034;00B35;00CR1524;00CR2529;00CR3034;00CR35;00CB1524;00CB2529;00CB3034;00CB35;00M1524;00M2529;00M3034;00M35;00CH1524;00CH2529;00CH3034;00CH35
2011-01;38777;16396;11828;8675;59832;31143;18055;9376;9239;12650;12483;7239;947;560;365;218;1494;558;319;111;195;330;285;167;101;62;38;52;5169;2244;1187;937;250;726;384;275;17610;10360;8058;5872;21036;15272;10446;5781;48128;16264;9189;5344;1084;512;508;627;5861;2996;2155;1659;1281;1779;1939;1390;107848;60189;42366;25290;1790;950;642;330;5520;3032;1609;1264;86774;41896;27693;16997;8226;5287;4602;3676
2011-02;36592;15530;11330;8575;57525;30107;17858;9295;8793;12243;12150;7069;892;442;273;209;1340;529;239;133;194;294;284;135;86;47;39;39;4267;1639;941;771;171;568;333;212;15607;9076;6929;5252;18525;13910;9483;5360;43072;14234;8027;4777;1023;507;470;552;5413;2623;1778;1483;1097;1487;1673;1216;102910;57880;41338;24939;1620;870;562;307;4524;2254;1313;1022;77204;37220;24439;15389;7533;4617;3921;3251
2011-03;42688;18098;13092;9816;67738;35382;21321;10994;9640;13614;13795;8102;972;541;350;232;1477;589;296;142;248;386;335;144;84;46;45;37;4164;1604;881;659;194;586;332;248;17268;10031;7665;5622;20362;15354;10641;5876;47842;16036;8950;5344;1085;533;536;586;6107;3079;2122;1779;1268;1853;2015;1421;120066;67094;48208;28912;1809;1021;676;323;4442;2236;1258;944;85472;41421;27256;16842;8460;5465;4673;3786
2011-04;40342;17038;12372;9434;63964;33590;19747;10343;8645;12423;12779;7327;956;548;337;213;1533;613;298;162;249;342;300;130;59;52;35;42;3925;1564;787;659;205;583;314;216;16680;9735;7380;5302;19372;14987;10401;5640;45728;15468;8567;4873;1015;478;443;561;5662;2804;1850;1573;1188;1695;1846;1323;112951;63051;44898;27104;1841;1007;633;334;4189;2199;1136;917;81780;40190;26348;15815;7865;4977;4139;3457
2011-05;42146;17853;13154;9959;67744;35726;21164;10850;8307;12455;13462;7902;1009;538;329;210;1522;598;295;161;249;347;320;141;70;39;39;41;4072;1713;847;673;156;602;339;195;17413;10018;7758;5627;20172;15579;10802;5984;47111;16101;8866;5372;987;515;454;551;5589;2773;1905;1583;1150;1712;1782;1349;118197;66034;47780;28711;1841;984;654;343;4298;2354;1225;909;84696;41698;27426;16983;7726;5000;4141;3483
2011-06;39397;16170;11997;9243;63949;33209;19525;10338;7490;11649;12524;7491;874;490;333;216;1527;597;316;163;248;333;307;163;78;51;64;41;4015;1722;902;641;241;652;355;211;16202;9695;7709;5440;20840;15535;10871;5852;46620;15767;9049;5220;972;457;455;547;5677;2564;1885;1555;1183;1630;1714;1249;110836;61028;44046;27072;1853;981;687;367;4334;2425;1321;893;83662;40997;27629;16512;7832;4651;4054;3351
2011-07;38111;15721;11471;8978;63501;32734;19579;10253;6993;11264;12285;7340;966;554;317;221;1668;660;340;175;241;324;326;162;74;52;45;42;4846;1961;1083;854;297;792;410;255;17808;10635;8197;6150;22603;16856;11598;6443;49864;17307;9843;5867;987;454;390;515;5681;2677;1893;1452;1123;1631;1749;1286;108605;59719;43335;26571;1983;1036;711;379;5217;2805;1538;1151;90275;44798;29638;18460;7791;4762;4032;3253
2011-08;37102;15390;11367;8448;61648;32220;19238;10063;6568;10958;12212;7144;1012;576;324;248;1710;692;344;172;276;370;320;154;87;69;41;50;5873;2403;1231;944;314;948;478;324;18299;10965;8505;6359;23814;17791;12370;6643;53005;18163;10488;6065;1006;497;445;542;5847;2651;1819;1591;1210;1703;1847;1341;105318;58568;42817;25655;2073;1131;705;376;6274;3420;1750;1318;95118;46919;31363;19067;8063;4851;4111;3474
2011-09;35681;14489;10793;8111;60242;31316;18609;9408;6477;10732;12030;6977;1061;571;401;281;1806;733;349;169;293;399;413;188;100;71;35;46;6478;2732;1373;1099;346;1059;541;370;18067;10858;8631;6161;24445;18869;12721;6801;54727;18927;10585;6345;1043;422;498;500;6120;2774;1959;1519;1321;1681;1891;1339;102400;56537;41432;24496;2199;1203;797;403;6924;3862;1949;1515;97239;48654;31937;19307;8484;4877;4348;3358
2011-10;35013;13917;10490;7991;59113;30764;18476;9338;5939;10056;11534;6883;1076;571;383;260;1806;638;341;167;264;367;362;156;108;76;63;48;6346;2504;1313;1108;326;948;532;371;17522;10455;8112;6099;23386;17484;11712;6672;52613;17919;10155;5970;1015;481;417;509;5639;2713;1860;1557;1134;1590;1877;1312;100065;54737;40500;24212;2178;1081;766;371;6780;3528;1908;1527;93521;45858;29979;18741;7788;4784;4154;3378
2011-11;33750;13738;10310;7794;58847;30676;18599;9358;5513;9898;11104;6665;1027;539;379;246;1675;645;343;181;290;384;345;182;105;64;38;64;5904;2435;1228;952;280;850;468;376;17037;9752;7568;5751;22352;16408;11305;6257;50259;16706;9550;5800;1032;447;467;481;5580;2594;1831;1524;1206;1603;1916;1290;98110;54312;40013;23817;2070;1093;726;427;6289;3349;1734;1392;89648;42866;28423;17808;7818;4644;4214;3295
2011-12;34123;13969;10532;8201;60840;31993;19580;9828;5626;10027;11667;6998;1014;541;380;231;1676;676;320;150;259;362;341;185;73;58;40;50;5503;2375;1207;1033;286;917;480;330;15908;9092;7165;5346;21938;16063;10946;6117;48592;16102;9165;5426;1039;498;451;537;5601;2748;1982;1582;1164;1583;1842;1339;100589;55989;41779;25027;2008;1096;701;385;5862;3350;1727;1413;86438;41257;27276;16889;7804;4829;4275;3458
2012-01;35126;14444;10957;8510;63758;33904;20431;10347;5775;10323;11851;7114;995;520;348;219;1639;600;286;152;242;336;335;160;74;56;32;33;4987;2035;1027;833;258;802;416;309;17139;9845;7486;5741;22513;16627;11075;6001;50263;16287;9154;5324;930;447;498;575;5708;2847;2018;1631;1249;1762;1968;1380;104659;58671;43239;25971;1955;992;653;345;5319;2893;1475;1175;89915;42759;27715;17066;7887;5056;4484;3586
2012-02;33854;14157;10834;8279;63349;33580;20431;10512;5729;10451;12235;7277;862;459;306;220;1483;567;270;157;240;314;291;144;66;41;43;39;4544;1882;970;747;255;781;399;263;15574;8764;6759;4932;20381;14997;10251;5656;46519;15090;8295;4727;893;420;404;513;5414;2686;2062;1552;1176;1595;1833;1314;102932;58188;43500;26068;1789;922;604;340;4865;2704;1412;1049;82474;38851;25305;15315;7483;4701;4299;3379
2012-03;37427;15505;12068;9182;71371;37274;23308;11988;6352;11718;13802;8326;922;500;344;209;1569;599;332;145;235;332;305;158;68;37;32;57;4404;1816;891;762;234;749;387;198;16485;9309;7469;5506;21897;16636;11435;5994;49949;16291;9207;5118;969;441;482;495;5787;2784;2100;1556;1407;1906;2029;1412;115150;64497;49178;29496;1872;968;669;360;4706;2602;1310;1017;88331;42236;28111;16618;8163;5131;4611;3463
2012-04;34966;14215;11207;8669;66893;35025;21440;11226;5696;10622;12740;7364;938;464;314;223;1561;558;317;140;255;315;311;145;65;41;27;23;3767;1543;725;603;212;646;333;194;16022;9177;7115;5222;20874;15917;10981;5844;47877;15942;8665;4935;987;424;411;486;5648;2674;1987;1571;1241;1736;1987;1329;107555;59862;45387;27259;1881;914;655;308;4044;2230;1085;820;84773;41036;26761;16001;7876;4834;4385;3386
2012-05;35993;14636;11413;9027;69478;35680;22540;11623;6013;11078;13466;7934;903;507;349;232;1621;639;319;165;246;338;335;149;64;43;40;32;3729;1638;811;586;202;653;327;213;16469;9358;7503;5465;22101;16711;11586;6251;49583;16689;9207;5376;944;394;398;497;5709;2692;2107;1488;1329;1757;1944;1365;111484;61394;47419;28584;1931;1020;694;346;3995;2334;1178;831;88153;42758;28296;17092;7982;4843;4449;3350
2012-06;33933;13417;10735;8347;64936;33402;20658;10682;5580;10510;12529;7601;838;480;292;198;1574;639;319;139;238;335;300;152;76;49;31;32;3890;1627;806;642;212;627;318;192;15809;9231;7441;5367;22251;16563;11432;6263;48732;16406;9156;5290;926;444;366;466;5572;2639;1830;1501;1235;1781;1894;1350;104449;57329;43922;26630;1888;1023;650;323;4178;2303;1155;866;86792;42200;28029;16920;7733;4864;4090;3317
2012-07;34412;13494;10792;8339;65608;33748;20953;10822;5610;10425;12834;7587;871;486;390;214;1582;689;307;165;219;339;349;172;80;61;47;33;4801;2096;1107;834;271;853;459;283;16987;9419;7570;5737;24319;17648;12223;6751;52415;17664;9919;5752;907;391;411;485;5732;2652;1934;1442;1300;1675;2014;1397;105630;57667;44579;26748;1881;1089;703;370;5152;3010;1613;1150;93721;44731;29712;18240;7939;4718;4359;3324
2012-08;33279;13151;10339;8080;64692;33142;20664;10603;5492;10565;12657;7556;984;549;359;207;1623;630;356;157;258;388;385;186;89;60;45;44;5082;2172;1101;851;260;872;449;335;17546;9968;8125;5863;25771;19015;12937;7284;55524;18653;10609;6231;975;406;410;465;5569;2648;1894;1497;1192;1732;2012;1408;103463;56858;43660;26239;1970;1078;786;387;5431;3104;1595;1230;98841;47636;31671;19378;7736;4786;4316;3370
2012-09;32574;12789;10002;7824;64084;32822;20577;10381;5461;10512;13091;7513;1011;548;378;249;1743;647;348;168;239;380;364;169;69;61;39;35;5367;2266;1101;876;314;908;528;313;17423;9857;8059;6124;25892;19140;13129;7259;55481;18661;10558;6321;923;365;394;480;5402;2534;1883;1423;1253;1695;2010;1388;102119;56123;43670;25718;2051;1088;751;372;5750;3235;1668;1224;98796;47658;31746;19704;7578;4594;4287;3291
2012-10;32865;12735;10142;7775;64681;33715;21237;10843;5459;10669;13346;7848;1025;553;366;254;1837;694;340;204;261;377;368;178;94;44;48;38;5669;2332;1168;972;350;1025;603;331;16891;9403;7933;5927;25603;18677;12738;7262;54582;17965;10510;6158;919;380;388;459;5478;2616;1895;1445;1233;1727;2129;1507;103005;57119;44725;26466;2192;1115;756;420;6113;3401;1819;1341;97076;46045;31181;19347;7630;4723;4412;3411
2012-11;31009;12353;9767;7496;61196;31388;20232;10133;5203;9848;12378;7252;975;518;376;292;1671;671;332;161;227;370;389;191;85;41;41;42;5130;2195;1038;868;288;979;544;340;15410;8538;6923;5387;23377;17094;11773;6580;50054;16397;9508;5578;828;401;396;458;5102;2516;1891;1336;1144;1629;1914;1392;97408;53589;42377;24881;1983;1082;762;394;5503;3215;1623;1250;88841;42029;28204;17545;7074;4546;4201;3186
2012-12;31723;12397;9810;7812;63296;32546;21103;10609;5388;10452;13042;7718;1004;548;382;221;1656;635;354;177;242;363;360;171;65;47;52;46;4754;2066;1065;798;280;899;513;334;14719;8159;6808;5070;23033;16945;11617;6351;49465;15995;9114;5306;884;361;425;455;5180;2568;1877;1410;1191;1674;2119;1373;100407;55395;43955;26139;1963;1045;766;394;5099;3012;1630;1178;87217;41099;27539;16727;7255;4603;4421;3238
2013-01;32537;13072;10197;8189;66846;34721;22516;11326;5765;10864;13611;8099;909;499;367;287;1615;608;334;179;241;341;321;166;66;41;39;41;4770;2113;994;774;259;877;467;300;16330;8938;7212;5589;23557;17542;11783;6547;50755;16405;9371;5398;904;395;485;497;5491;2752;2125;1510;1406;1868;2224;1516;105148;58657;46324;27614;1922;990;694;386;5095;3031;1500;1115;90642;42885;28366;17534;7801;5015;4834;3523
2013-02;29731;12120;9539;7656;62504;32581;21063;10842;5402;10395;13117;7646;707;454;303;205;1418;512;304;141;199;327;290;161;54;37;37;37;4133;1668;921;683;209;740;404;244;14356;7815;6289;4645;20914;15262;10245;5602;45449;14829;8243;4793;852;378;394;414;4876;2445;1736;1475;1185;1663;1836;1420;97637;55096;43719;26144;1671;876;631;339;4396;2445;1362;964;80719;37906;24777;15040;6913;4486;3966;3309
2013-03;33166;13166;10750;8503;69905;36247;23615;11960;6081;11509;14344;8479;835;456;320;205;1440;603;296;158;229;350;323;172;57;30;33;37;3797;1644;843;582;203;751;428;234;15361;8328;6730;5071;22915;16850;11426;6238;49664;15899;8773;5079;866;387;418;461;5304;2728;1994;1491;1312;1870;2138;1499;109152;60922;48709;28942;1726;983;652;367;4057;2425;1304;853;87940;41077;26929;16388;7482;4985;4550;3451
2013-04;33254;13281;10639;8711;70154;36252;24030;12346;6036;11482;14433;8697;835;467;316;211;1525;628;299;179;266;344;297;211;52;38;28;17;3768;1626;805;584;201;728;424;234;15026;8084;6617;5093;22068;16582;11732;6102;48092;15522;8907;4996;913;412;402;457;5099;2590;1972;1474;1342;1925;2159;1529;109444;61015;49102;29754;1843;1010;624;407;4021;2392;1257;835;85186;40188;27256;16191;7354;4927;4533;3460
2013-05;34414;13632;10912;8777;71623;37182;24207;12666;6044;11856;14806;8876;774;486;321;227;1520;624;346;150;233;378;321;172;51;34;39;27;3847;1607;769;518;196;780;397;194;15682;8349;6965;5127;22724;16906;11676;6405;49772;16187;9115;5211;863;367;445;483;5299;2610;1800;1508;1251;1886;2147;1532;112081;62670;49925;30319;1804;1036;706;349;4094;2421;1205;739;88178;41442;27756;16743;7413;4863;4392;3523
2013-06;32016;12338;9892;7981;67208;33982;21960;11519;5722;10923;13650;8195;759;432;313;224;1512;621;297;166;248;368;286;164;46;24;25;38;3814;1641;790;528;229;763;408;231;14745;7995;6662;4954;22519;16822;11472;6248;48441;15920;8963;5053;922;356;370;475;5147;2487;1912;1418;1291;1829;2058;1393;104946;57243;45502;27695;1806;1013;608;368;4089;2428;1223;797;85705;40737;27097;16255;7360;4672;4340;3286
2013-07;32135;12483;10059;8092;68010;34231;22406;11603;5849;11352;14317;8598;853;480;334;229;1517;681;327;151;226;349;350;184;52;49;25;23;4305;1803;925;638;256;881;523;280;15722;8575;7073;5318;25505;18285;12780;6854;51569;17214;9717;5653;876;348;396;499;5222;2563;1931;1424;1337;1853;2143;1549;105994;58066;46782;28293;1795;1079;702;358;4613;2733;1473;941;92796;44074;29570;17825;7435;4764;4470;3472
2013-08;31197;11876;9530;7656;66162;33349;21782;11150;5680;11032;13911;8174;894;468;397;220;1676;664;327;160;243;363;341;199;79;46;36;29;5471;2438;1161;821;317;1083;612;365;16463;8793;7590;5601;26926;19393;13460;7137;54887;18475;10370;5798;904;344;378;448;5164;2515;1807;1331;1314;1802;2163;1506;103039;56257;45223;26980;1998;1073;704;388;5867;3567;1809;1215;98276;46661;31420;18536;7382;4661;4348;3285
2013-09;29909;11671;9047;7359;66637;33096;21693;11008;5772;11070;14213;8468;877;471;337;217;1593;635;323;162;272;364;385;190;78;43;51;35;5383;2372;1102;810;349;1118;648;351;16653;9015;7579;5544;27572;20172;13617;7384;55936;19062;10571;5977;958;323;383;440;5298;2656;1920;1440;1270;1957;2195;1443;102318;55837;44953;26835;1943;1042;759;387;5810;3533;1801;1196;100161;48249;31767;18905;7526;4936;4498;3323
2013-10;30062;11543;9357;7319;65640;33479;21582;11071;5709;10794;14322;8523;866;542;353;266;1651;648;262;155;235;397;368;202;77;53;44;50;5654;2524;1186;839;308;1039;650;339;15955;8672;7350;5498;27070;19860;13715;7381;54678;18423;10416;6002;897;354;382;429;5165;2696;1929;1454;1302;1923;2253;1545;101411;55816;45261;26913;1963;1098;674;407;6039;3616;1880;1228;97703;46955;31481;18881;7364;4973;4564;3428
2013-11;28408;11289;8831;7048;61926;31448;20548;10575;5272;10065;13053;7685;864;484;357;246;1578;679;328;146;240;403;342;185;71;43;36;39;5134;2255;1084;819;291;1024;669;344;14839;7985;6635;4983;24728;17589;12134;6567;51047;16660;9596;5469;886;391;392;430;4869;2563;1896;1358;1223;1706;2161;1432;95606;52802;42432;25308;1889;1125;706;370;5496;3322;1789;1202;90614;42234;28365;17019;6978;4660;4449;3220
2013-12;28182;11359;9005;7300;63966;33269;21754;11081;5759;10875;13934;8613;867;466;328;223;1637;652;349;175;248;383;397;196;65;39;27;43;4923;2337;1185;806;288;1036;669;357;14395;7787;6555;4918;24718;18167;12668;6818;50204;16633;9475;5508;871;385;409;456;5047;2765;2027;1499;1361;1948;2170;1553;97907;55503;44693;26994;1950;1074;773;414;5276;3412;1881;1206;89317;42587;28698;17244;7279;5098;4606;3508
2014-01;29560;11805;9467;7736;68765;35893;23760;12363;6023;11817;14594;8879;784;447;366;237;1553;642;349;162;264;358;350;206;66;45;36;30;4565;2037;1008;746;247;963;560;323;14849;7830;6572;5027;24239;17268;12360;6746;51019;16506;9521;5380;876;422;419;502;5341;2954;2134;1618;1494;2068;2407;1670;104348;59515;47821;28978;1883;1045;735;398;4878;3045;1604;1099;90107;41604;28453;17153;7711;5444;4960;3790
2014-02;27668;11152;8933;7350;65601;34385;22733;11962;5844;11448;14648;9149;667;391;314;187;1395;639;298;158;234;345;330;154;65;35;25;45;3914;1773;875;596;221;788;556;281;13205;6846;5818;4401;21472;15669;10800;6059;45580;14710;8333;4863;752;351;366;438;4733;2536;1863;1391;1272;1874;2034;1416;99113;56985;46314;28461;1694;1019;653;357;4200;2596;1456;922;80257;37225;24951;15323;6757;4761;4263;3245
2014-03;30752;12559;9973;8503;73077;37583;24719;13100;6292;12015;15045;9288;790;445;337;202;1569;655;362;165;269;371;378;178;53;25;28;25;3948;1725;851;567;221;855;530;247;14678;7651;6371;4742;23307;17420;11831;6418;49839;16068;9006;5007;899;390;398;471;5117;2815;2174;1515;1476;2184;2411;1573;110121;62157;49737;30891;1891;1051;768;368;4222;2605;1409;839;87824;41139;27208;16167;7492;5389;4983;3559
2014-04;30707;12307;9801;8237;72104;37398;24795;13239;6150;12185;15390;9839;757;430;306;216;1542;653;324;163;241;374;351;213;57;31;32;28;3691;1721;866;551;209;750;426;220;13789;7174;6157;4522;22238;17162;12019;6464;47387;15571;8733;4836;881;399;377;417;4976;2708;2074;1508;1328;2154;2367;1629;108961;61890;49986;31315;1840;1058;707;404;3957;2502;1324;799;83414;39907;26909;15822;7185;5261;4818;3554
2014-05;31352;12782;10249;8476;73729;38341;25407;13618;6331;12383;15598;9883;768;512;346;214;1589;679;333;166;267;395;358;183;53;32;25;28;3818;1786;819;543;193;805;494;237;14122;7380;6341;4917;23046;17697;12288;6459;48830;16322;9038;5098;833;383;364;418;5054;2779;2041;1484;1379;2037;2293;1653;111412;63506;51254;31977;1909;1106;716;377;4064;2623;1338;808;85998;41399;27667;16474;7266;5199;4698;3555
2014-06;29423;11576;9357;7964;69222;35202;23544;12594;5928;11748;15216;9538;671;458;284;205;1553;656;344;159;214;344;351;199;55;22;34;31;3661;1802;913;560;183;754;513;241;13778;7012;6157;4633;23322;17328;12251;6529;47475;15871;9007;5032;765;362;361;406;5106;2574;2028;1426;1451;2029;2325;1647;104573;58526;48117;30096;1822;1022;729;389;3899;2578;1460;832;84575;40211;27415;16194;7322;4965;4714;3479
2014-07;30269;11938;9527;8137;71114;36706;24576;12887;6293;12249;15968;9900;719;435;338;225;1576;711;384;167;239;359;394;184;69;31;28;28;4060;2001;930;636;243;825;485;260;14303;7446;6365;4962;25598;18909;13185;6964;50605;16973;9428;5477;861;383;374;442;5171;2738;2041;1536;1414;2209;2409;1641;107676;60893;50071;30924;1884;1101;806;379;4372;2857;1443;924;90506;43328;28978;17403;7446;5330;4824;3619
2014-08;29003;11392;8958;7673;69053;34808;22780;12398;6073;11800;15176;9439;812;498;370;206;1541;698;364;175;266;433;394;196;65;35;17;38;4532;2186;1078;649;241;937;591;287;14692;7650;6612;5200;26981;19927;13842;7394;52540;17937;10381;5774;845;369;384;419;5042;2612;1947;1452;1331;2072;2339;1592;104129;58000;46914;29510;1872;1166;775;409;4838;3158;1686;974;94213;45514;30835;18368;7218;5053;4670;3463
2014-09;28826;11446;8935;7438;69746;35163;23160;12404;6348;12486;15844;9973;805;416;362;252;1674;656;418;167;282;447;437;237;71;31;48;36;5071;2270;1124;787;306;1073;651;323;15338;8147;7006;5254;28583;21277;15117;7784;55289;18746;10821;6057;841;339;361;449;5110;2865;2128;1528;1352;2161;2349;1634;104920;59095;47939;29815;2027;1134;903;440;5448;3374;1823;1146;99210;48170;32944;19095;7303;5365;4838;3611
2014-10;27644;10973;8460;7257;67094;33986;22677;11864;5961;11445;15011;9777;862;485;398;291;1712;722;383;191;229;407;476;268;83;37;43;40;4977;2376;1165;765;284;1067;696;339;14974;7750;6804;5175;28123;20859;14824;7821;55196;18516;10802;5906;886;357;378;449;5183;2830;2084;1522;1385;2101;2523;1658;100699;56404;46148;28898;2024;1166;902;499;5344;3480;1904;1144;98293;47125;32430;18902;7454;5288;4985;3629
2014-11;26866;10501;8144;6936;65159;33009;21979;11487;5746;11221;14189;9109;872;454;360;240;1644;731;338;155;217;404;401;205;76;56;45;33;4731;2253;1144;718;263;1020;642;297;13990;7024;6113;4741;25744;18703;13252;7192;50986;17007;9742;5373;811;342;407;433;4740;2758;1980;1438;1250;2030;2261;1555;97771;54731;44312;27532;1937;1191;784;393;5070;3329;1831;1048;90720;42734;29107;17306;6801;5130;4648;3426
2014-12;27410;10731;8522;7429;69274;35520;23579;12667;6111;12216;15413;10242;793;503;356;248;1596;688;401;188;264;412;375;241;60;28;36;28;4748;2371;1127;685;283;1074;643;350;14028;7008;5964;4750;25407;19009;13418;7333;49993;16871;9597;5337;795;394;395;458;4877;2937;2134;1491;1303;2177;2479;1707;102795;58467;47514;30338;1920;1128;812;457;5091;3473;1806;1063;89428;42888;28979;17420;6975;5508;5008;3656
2015-01;28184;11169;8849;7446;71030;36825;25061;13393;6466;12621;16022;10163;724;412;315;213;1529;722;366;160;222;377;389;227;76;28;31;34;4494;2090;1046;683;248;883;568;280;14136;7149;6103;4909;24616;18401;13121;6831;48981;16488;9085;5231;817;358;416;448;5198;2996;2160;1628;1441;2310;2535;1862;105680;60615;49932;31002;1827;1127;786;421;4818;3001;1645;997;87733;42038;28309;16971;7456;5664;5111;3938
2015-02;25715;10260;8196;7212;67369;34887;23536;13091;6179;12218;15373;9763;658;365;309;205;1373;575;317;164;200;340;344;203;54;28;33;31;3786;1928;907;572;237;795;484;244;12522;6355;5324;4188;21845;16629;11628;6117;44050;14607;8276;4632;758;345;356;421;4460;2713;1942;1478;1302;2024;2299;1538;99263;57365;47105;30066;1627;943;694;398;4077;2751;1424;847;78417;37591;25228;14937;6520;5082;4597;3437
2015-03;29829;11854;9527;8286;77517;40649;27386;15401;7121;13882;17708;11543;710;411;295;209;1541;675;385;185;228;453;384;250;55;35;36;15;3814;1907;902;564;200;843;505;272;13688;6917;5884;4541;23987;18466;12934;6756;48006;15961;8817;4857;783;383;368;412;4951;2925;2024;1605;1432;2352;2580;1773;114467;66385;54621;35230;1824;1163;805;450;4069;2785;1443;851;85681;41344;27635;16154;7166;5660;4972;3790
2015-04;28533;11289;9332;8047;74155;38737;26121;14551;6684;12753;16175;10757;656;384;297;221;1490;696;340;158;232;335;376;210;49;33;13;39;3527;1736;851;516;215;709;493;210;13011;6581;5334;4243;22986;17642;12321;6664;45423;15290;8583;4596;756;293;345;413;4645;2745;1998;1525;1284;2249;2457;1724;109372;62779;51628;33355;1771;1064;729;407;3791;2478;1357;765;81420;39513;26238;15503;6685;5287;4800;3662
2015-05;29492;11719;9106;8166;75143;39135;26802;14856;6747;13046;16723;11484;685;411;317;215;1479;700;338;196;243;388;406;204;44;27;30;17;3521;1717;863;469;212;772;480;235;13679;6673;5652;4365;23894;18609;12736;6779;46453;15842;8843;4864;747;369;342;425;4730;2708;1980;1543;1222;2158;2389;1658;111382;63900;52631;34506;1766;1115;774;417;3777;2516;1373;721;84026;41124;27231;16008;6699;5235;4711;3626
2015-06;27365;10908;8546;7484;70686;36465;24785;13862;6592;12361;16160;10934;643;415;347;227;1551;655;341;168;223;394;428;248;54;24;36;26;3627;1808;837;515;201;783;518;202;13256;6707;5622;4331;23923;18671;12802;6860;46158;16050;8822;4866;788;333;332;394;4677;2718;1988;1456;1271;2137;2338;1645;104643;59734;49491;32280;1828;1073;805;442;3882;2615;1391;743;83337;41428;27246;16057;6736;5188;4658;3495
2015-07;27510;10963;8560;7612;70941;36227;24554;13822;6555;12528;16356;10784;671;458;332;235;1546;699;403;152;243;369;417;257;80;32;25;33;4048;2021;969;543;233;906;636;270;13851;6925;5712;4610;26358;19886;13892;7495;48164;16885;9575;5260;794;336;315;434;4594;2604;2005;1510;1247;2230;2410;1733;105006;59718;49470;32218;1869;1100;845;442;4361;2959;1630;846;88373;43696;29179;17365;6635;5170;4730;3677
2015-08;26463;10445;8203;7200;69384;35125;23986;13145;6571;12229;15887;10488;705;419;343;248;1535;711;362;178;253;421;447;251;107;38;27;37;4740;2480;1219;687;241;958;614;275;14164;7085;6021;4651;27540;20761;14454;7586;50249;17811;10114;5537;742;324;389;352;4478;2644;1941;1496;1237;2153;2349;1723;102418;57799;48076;30833;1895;1170;836;466;5088;3476;1860;999;91953;45657;30589;17774;6457;5121;4679;3571
2015-09;26707;10532;8264;7005;70833;35741;24608;13512;6664;13198;16946;11184;710;473;382;243;1760;756;435;213;257;445;448;281;85;36;38;51;5192;2647;1229;718;269;1015;679;348;14377;7403;6304;4890;28706;22408;15584;8081;52022;18610;10591;5750;755;322;340;380;4708;2786;1992;1450;1260;2363;2589;1809;104204;59471;49818;31701;2102;1237;921;545;5546;3698;1946;1117;95105;48421;32479;18721;6723;5471;4921;3639
2015-10;25583;10232;7852;6756;67650;34331;23266;12998;6213;12383;16187;10845;767;482;361;257;1706;776;396;216;251;417;434;251;65;35;48;33;5207;2671;1345;762;279;1078;750;310;13624;6990;5857;4682;28278;21332;15233;8336;50145;17885;10361;5708;792;328;315;387;4284;2630;1981;1468;1142;2182;2377;1772;99446;56946;47305;30599;2022;1228;878;500;5551;3784;2143;1105;92047;46207;31451;18726;6218;5140;4673;3627
2015-11;24517;9643;7586;6653;65584;33730;22681;12710;5855;11695;14805;10086;747;410;381;262;1668;729;444;193;252;421;411;227;72;31;35;53;4887;2682;1190;729;245;1008;746;289;12760;6187;5321;4232;25462;19215;13525;7232;45962;16163;9140;5319;656;301;324;380;4132;2622;1959;1346;1189;1971;2307;1699;95956;55068;45072;29449;1992;1181;890;473;5204;3721;1971;1071;84184;41565;27986;16783;5977;4894;4590;3425
2015-12;24641;9836;7831;6948;68311;35395;24360;13727;6428;12607;16203;11121;793;441;376;285;1657;714;435;234;212;413;446;248;77;31;30;33;4663;2454;1243;719;231;996;703;316;12596;6213;5339;4224;26066;19760;13908;7207;45510;16118;9348;5195;731;341;335;427;4326;2673;2060;1519;1221;2141;2425;1690;99380;57838;48394;31796;1946;1158;911;515;4971;3481;1976;1068;84172;42091;28595;16626;6278;5155;4820;3636
2016-01;24351;9742;7710;7072;70800;36140;24997;14247;6465;12586;16238;10982;710;424;320;218;1557;656;364;181;212;403;438;233;71;34;28;35;4053;2110;988;591;195;831;636;242;12582;6094;5222;4179;24268;18796;12984;7129;44150;15947;8482;4875;679;352;348;412;4176;2783;2041;1552;1242;2272;2427;1786;101616;58468;48945;32301;1840;1093;830;449;4319;2975;1652;868;81000;40837;26688;16183;6097;5407;4816;3750
2016-02;23710;9659;7585;6876;68237;35184;24679;13936;6435;12388;16309;11139;624;381;286;234;1449;685;361;177;219;368;378;207;56;23;25;33;3502;1868;882;525;157;700;507;218;11532;5539;4791;3728;23008;17705;12274;6496;42069;14751;8276;4606;676;349;301;397;4064;2565;1963;1423;1201;2052;2387;1610;98382;57231;48573;31951;1724;1076;764;417;3715;2591;1414;776;76609;37995;25341;14830;5941;4966;4651;3430
2016-03;25865;10399;8402;7639;75708;39042;27366;15712;6988;13874;17921;12610;650;394;340;255;1528;728;362;180;231;383;416;226;50;23;26;23;3689;1983;960;578;142;786;565;237;12549;6265;5211;4160;24637;19250;13503;7172;45055;15896;8889;4944;692;349;367;433;4420;2849;2143;1626;1379;2415;2733;1973;108561;63315;53689;35961;1809;1134;804;429;3881;2792;1551;838;82241;41411;27603;16276;6491;5613;5243;4032
2016-04;25155;10191;8132;7399;72918;37117;26424;15183;6502;13078;16905;12027;635;392;294;204;1489;658;353;173;211;387;434;242;66;17;23;22;3398;1691;854;439;145;724;514;227;11561;5820;4766;3888;23397;18586;13172;7046;41929;15211;8259;4721;677;337;365;359;3966;2579;1982;1472;1237;2185;2432;1730;104575;60386;51461;34609;1766;1062;810;437;3609;2432;1391;688;76887;39617;26197;15655;5880;5101;4779;3561
2016-05;25756;10442;8592;7692;74096;38329;26555;15546;6707;13529;17257;12239;626;411;314;222;1497;705;401;190;206;379;410;234;66;26;22;23;3410;1758;855;472;139;731;510;215;11613;5785;4915;3945;24185;18965;13390;6976;43449;15621;8796;4787;618;344;319;360;3942;2558;1933;1499;1157;2125;2540;1803;106559;62300;52404;35477;1769;1110;833;447;3615;2515;1387;710;79247;40371;27101;15708;5717;5027;4792;3662
2016-06;24143;9800;7695;6984;69635;35448;24858;14500;6578;12744;16835;11715;614;367;308;210;1401;669;367;191;223;371;391;239;57;26;24;17;3319;1805;829;448;145;718;522;190;11472;5670;4852;3858;24337;19051;13220;6974;42670;15412;8679;4942;661;327;287;398;3937;2649;1859;1449;1227;2105;2426;1706;100356;57992;49388;33199;1681;1066;782;447;3521;2549;1375;655;78479;40133;26751;15774;5825;5081;4572;3553
2016-07;23688;9367;7608;6891;69449;34497;24037;13994;6360;12518;16255;11370;603;349;298;238;1503;676;392;177;218;380;413;215;54;25;17;20;3731;1934;989;524;170;799;613;281;12140;6017;5040;4148;26099;20197;14275;7438;45585;16356;9584;5065;664;286;311;359;3875;2583;1880;1429;1213;2310;2359;1750;99497;56382;47900;32255;1775;1081;822;412;3955;2758;1619;825;83824;42570;28899;16651;5752;5179;4550;3538
2016-08;23210;8852;7043;6577;67786;33237;23334;13224;6155;11897;15137;10548;677;373;317;224;1542;686;385;174;265;432;408;254;87;26;26;28;4275;2270;1029;604;179;940;672;289;12584;6308;5349;4321;27964;21281;14893;7894;48161;17904;10074;5689;599;309;272;370;3889;2482;1968;1478;1228;2160;2458;1903;97151;53986;45514;30349;1894;1144;819;456;4541;3236;1727;921;88709;45493;30316;17904;5716;4951;4698;3751
2016-09;22075;8585;6876;6253;66719;32459;22231;12819;6241;11790;14658;10644;682;439;382;235;1589;699;421;187;258;445;434;254;72;24;25;39;4520;2388;1130;633;165;974;713;349;12832;6359;5522;4367;29198;22808;16157;8501;50040;18397;10696;5916;685;354;298;350;3905;2585;1922;1457;1244;2256;2452;1863;95035;52834;43765;29716;1919;1168;880;480;4757;3386;1868;1021;92070;47564;32375;18784;5834;5195;4672;3670
2016-10;21803;8424;6631;6111;64127;31313;21112;12314;5971;10835;13546;9915;724;386;331;237;1595;731;421;174;240;413;453;233;93;28;26;25;4684;2444;1141;643;171;1013;705;312;12419;5950;5314;4359;28274;21900;15578;8339;48706;17972;10464;5741;577;301;275;314;3646;2525;1736;1394;1193;2211;2349;1667;91901;50572;41289;28340;1928;1172;900;432;4948;3485;1872;980;89399;45822;31356;18439;5416;5037;4360;3375
2016-11;20736;8019;6281;5917;60320;29213;19814;12135;5614;10014;12123;9118;757;432;358;262;1639;768;394;204;247;407;427;236;88;28;36;32;4638;2515;1231;665;158;950;741;343;11493;5598;4819;3996;26094;19993;13887;7571;45236;16332;9535;5325;611;291;283;375;3563;2530;1934;1343;1085;2072;2373;1739;86670;47246;38218;27170;1974;1203;857;472;4884;3493;2008;1040;82823;41923;28241;16892;5259;4893;4590;3457
2016-12;20694;8301;6539;5853;63515;31201;21652;12755;6109;11079;13813;9899;648;412;314;255;1611;741;420;183;255;423;416;257;91;19;31;34;4408;2304;1191;640;146;915;688;350;11055;5338;4636;3795;26054;20020;14090;7701;45428;16407;9258;5324;575;323;329;366;3603;2534;1824;1496;1164;2258;2318;1808;90318;50581;42004;28507;1957;1183;867;474;4645;3238;1910;1024;82537;41765;27984;16820;5342;5115;4471;3670
2017-01;21338;8391;6776;6366;66308;32804;22753;13514;6229;11782;14711;10683;641;350;288;218;1464;671;370;167;231;362;382;214;89;19;24;29;3952;2134;992;550;134;817;660;282;11402;5563;4689;3770;25893;19653;13816;7418;44508;16351;8955;5076;600;312;293;381;3647;2578;1870;1517;1221;2325;2516;1918;93875;52977;44240;30563;1784;1052;776;410;4175;2970;1676;861;81803;41567;27460;16264;5468;5215;4679;3816
2017-02;20459;8352;6620;6216;64402;32713;22861;13639;6092;11830;14746;10859;525;345;277;195;1326;584;352;184;202;366;399;217;67;27;22;22;3556;1852;876;502;102;708;533;208;10038;4872;4109;3309;22788;17459;12296;6663;39103;14094;7968;4369;498;248;303;340;3361;2317;1776;1337;1059;2028;2175;1601;90953;52895;44227;30714;1595;977;773;423;3725;2587;1431;732;71929;36425;24373;14341;4918;4593;4254;3278
2017-03;23583;9720;7711;7337;76522;39017;27461;16543;7301;13949;18311;13488;659;356;315;258;1523;695;426;200;205;392;462;252;67;14;26;27;3400;1808;867;465;120;750;552;241;11203;5437;4573;3730;25070;19251;13686;7495;43501;15967;8759;4992;607;307;295;393;3691;2538;1959;1524;1202;2388;2513;1894;107406;62686;53483;37368;1795;1101;914;479;3587;2572;1445;733;79774;40655;27018;16217;5500;5233;4767;3811
2017-04;22556;9418;7355;7057;72696;36880;25838;15958;6719;13203;16765;12835;584;362;314;220;1554;786;409;191;218;363;418;259;53;15;30;26;3268;1547;779;390;103;718;499;224;10565;5239;4339;3538;23872;19142;13502;7070;41669;15235;8604;4662;533;281;273;347;3306;2441;1817;1378;1153;2133;2351;1795;101971;59501;49958;35850;1825;1164;857;476;3424;2280;1308;640;76106;39616;26445;15270;4992;4855;4441;3520
2017-05;23528;9954;7756;7466;76940;39453;28255;17227;7103;14133;18352;13809;600;377;294;248;1568;772;412;229;223;375;419;248;64;11;27;7;3280;1673;861;444;115;724;573;234;11013;5487;4410;3804;25015;19774;13986;7569;43615;16123;8973;4968;545;281;261;342;3608;2549;1902;1508;1185;2108;2407;1835;107571;63540;54363;38502;1855;1158;858;484;3459;2408;1461;685;79643;41384;27369;16341;5338;4938;4570;3685
2017-06;22278;9173;7268;6984;72240;37286;26389;16227;6810;13452;17673;13404;587;370;320;223;1470;655;388;191;212;339;431;258;63;14;23;19;3202;1693;805;434;121;715;556;214;10728;5222;4276;3600;24901;19405;13880;7544;42185;15988;8831;4966;553;278;264;333;3604;2313;1762;1435;1186;2249;2399;1840;101328;59911;51330;36615;1745;1008;842;468;3386;2422;1384;667;77814;40615;26987;16110;5343;4840;4425;3608
2017-07;21349;8883;7100;6804;71261;36148;25677;15877;6760;13394;17309;13093;565;355;336;218;1551;743;439;205;219;432;400;227;65;26;30;18;3684;1911;934;525;122;695;592;271;11173;5598;4630;3828;27281;20655;14707;7900;44546;16796;9452;5267;585;298;273;385;3503;2458;1737;1416;1136;2184;2405;1827;99370;58425;50086;35774;1835;1201;869;450;3871;2632;1556;814;83000;43049;28789;16995;5224;4940;4415;3628
2017-08;21623;8848;6994;6746;69373;35844;25022;15424;6690;13184;16808;12863;577;385;309;225;1498;727;401;203;211;386;443;254;86;19;24;35;4481;2409;1276;576;138;923;693;303;12082;5881;4933;4053;28847;22648;15692;8278;47871;18300;10350;5812;509;333;279;319;3492;2442;1825;1470;1128;2185;2385;1791;97686;57876;48824;35033;1795;1132;868;492;4705;3351;1993;914;88800;46829;30975;18143;5129;4960;4489;3580
2017-09;20334;8421;6734;6168;67995;34392;24452;14852;6396;13071;16916;12810;650;383;311;251;1568;777;406;229;204;433;466;279;85;19;32;36;4532;2318;1212;634;168;797;735;327;12111;5919;4938;4202;29408;22667;16486;8785;48012;18815;10597;5819;543;297;268;346;3417;2429;1779;1389;1157;2205;2437;1708;94725;55884;48102;33830;1857;1229;904;544;4785;3134;1979;997;89531;47401;32021;18806;5117;4931;4484;3443
2017-10;20128;8457;6567;6361;66389;33879;24434;14793;6446;12364;16348;12674;642;397;335;271;1545;798;426;208;224;420;475;245;110;32;30;31;4597;2445;1259;626;154;888;684;313;11782;5585;4806;4005;28557;22271;15976;8789;47382;18400;10099;5957;534;302;275;330;3326;2463;1831;1361;1153;2160;2288;1852;92963;54700;47349;33828;1879;1250;931;484;4861;3365;1973;970;87721;46256;30881;18751;5013;4925;4394;3543
2017-11;19671;8209;6555;6183;64468;33246;24071;15228;6216;12136;16216;12531;629;395;317;273;1553;758;462;205;220;392;480;290;95;25;31;26;4340;2295;1240;584;166;850;691;302;10909;5364;4529;3628;26255;20365;14224;7992;44214;16572;9425;5335;566;282;267;318;3166;2482;1740;1374;1031;2050;2355;1867;90355;53591;46842;33942;1868;1175;973;521;4601;3170;1962;912;81378;42301;28178;16955;4763;4814;4362;3559
2017-12;19703;8450;6733;6488;65710;34311;24606;15514;6365;12333;16385;12839;612;354;334;239;1527;736;442;210;226;401;382;234;86;22;32;22;4435;2331;1164;605;163;843;701;321;10601;5185;4253;3639;25714;20137;14052;7823;43183;16334;9138;5295;518;323;316;336;3361;2522;1788;1417;1160;2244;2462;1853;91778;55094;47724;34841;1839;1159;856;466;4684;3196;1897;948;79498;41656;27443;16757;5039;5089;4566;3606
2018-01;20224;8725;6888;6709;70170;36524;26449;16640;6717;13538;17364;13757;579;396;310;252;1481;752;409;208;208;385;414;265;86;15;23;33;4162;2201;1173;612;130;767;681;285;10539;5097;4244;3664;25711;19750;13854;7818;41790;16034;8982;5222;535;343;299;364;3295;2622;1975;1477;1244;2239;2589;1907;97111;58787;50701;37106;1775;1152;846;506;4378;2983;1877;930;78040;40881;27080;16704;5074;5204;4863;3748
2018-02;18649;7915;6461;6185;64351;33888;24749;15469;6249;12326;16268;13036;510;342;259;216;1283;605;355;145;169;325;368;218;74;15;26;25;3518;1808;932;492;109;627;566;253;9164;4484;3584;2995;22061;17079;11810;6627;36107;13662;7509;4308;489;298;254;328;3018;2356;1777;1281;1117;2147;2308;1788;89249;54129;47478;34690;1526;945;749;388;3701;2450;1524;770;67332;35225;22903;13930;4624;4801;4339;3397
2018-03;20687;9116;7370;7200;74243;38579;28585;18229;7096;13905;18747;15056;529;311;280;221;1469;682;434;180;210;353;428;242;69;20;17;17;3415;1849;876;442;137;651;556;265;10080;4922;4049;3369;24242;18861;13444;7277;39005;15261;8370;4765;503;331;262;332;3352;2620;1942;1500;1184;2428;2576;1896;102026;61600;54702;40485;1748;1055;879;439;3621;2520;1449;724;73327;39044;25863;15411;5039;5379;4780;3728
2018-04;20958;9110;7292;7147;73710;38269;28578;18219;6855;13650;18219;14766;516;365;286;234;1404;659;433;201;210;368;399;251;91;25;24;18;3236;1657;837;445;123;638;513;211;9685;4900;3952;3386;23607;18694;13230;7486;37695;15246;8149;4697;500;297;285;348;3157;2506;1867;1473;1094;2331;2515;1835;101523;61029;54089;40132;1705;1052;856;470;3450;2320;1374;674;70987;38840;25331;15569;4751;5134;4667;3656
2018-05;21432;9166;7419;7277;75127;39387;28648;18829;7281;14044;18816;15623;536;329;284;259;1442;756;408;205;205;396;374;253;78;16;10;14;3232;1746;847;428;109;645;529;255;9966;4976;4177;3403;24421;19441;13739;7592;39473;15408;8557;4949;531;305;293;342;3381;2607;1953;1507;1201;2477;2538;1976;103840;62597;54883;41729;1725;1168;792;472;3419;2407;1386;697;73860;39825;26473;15944;5113;5389;4784;3825
2018-06;19706;8442;6864;6826;68769;35807;26457;16918;6597;12790;17174;14015;526;325;312;220;1449;692;430;193;196;361;411;255;79;18;22;15;3310;1706;856;412;96;603;579;254;9381;4671;3699;3247;23728;19028;13606;7453;37785;14969;8484;4853;493;302;283;346;3430;2449;1937;1437;1086;2259;2478;1901;95072;57039;50495;37759;1724;1071;863;463;3485;2327;1457;681;70894;38668;25789;15553;5009;5010;4698;3684
2018-07;19653;8450;6771;6804;69429;35926;26234;16857;6602;12757;17282;14207;486;346;298;245;1480;717;449;205;228;383;428;278;97;24;18;24;3756;1988;1017;483;137;640;618;270;10275;5043;4165;3626;26325;20491;14454;8002;40250;16092;9262;5266;493;324;280;360;3098;2388;1729;1439;1213;2258;2530;1879;95684;57133;50287;37868;1805;1124;895;507;3990;2652;1653;777;76850;41626;27881;16894;4804;4970;4539;3678
2018-08;19270;8236;6717;6437;68299;35415;25808;16712;6815;12996;17408;14141;598;358;293;212;1568;801;430;251;226;378;417;292;89;22;24;26;4502;2472;1265;592;147;755;713;352;10342;5137;4141;3690;27281;21597;15449;8709;41203;17369;9719;5499;492;309;276;363;3226;2497;1993;1416;1121;2315;2508;2000;94384;56647;49933;37290;1883;1201;871;569;4738;3249;2002;970;78826;44103;29309;17898;4839;5121;4777;3779
2018-09;18358;7741;6484;6130;67063;34463;25307;16171;6508;12720;17149;13700;597;346;331;229;1602;859;467;247;243;422;492;297;103;24;26;24;4574;2422;1278;588;172;806;749;351;10789;5424;4326;3907;28028;22786;15904;8711;43209;17895;10073;5670;517;320;282;339;3258;2486;1829;1380;1168;2251;2491;1926;91929;54924;48940;36001;1948;1305;985;568;4849;3252;2053;963;82026;46105;30303;18288;4943;5057;4602;3645
2018-10;18245;8053;6275;6117;66400;34262;25197;16270;6763;12914;16960;14509;665;415;339;272;1649;822;467;243;214;442;410;286;98;31;29;32;4602;2591;1345;585;178;772;796;349;10359;5239;4246;3712;27431;22220;15980;8958;42085;17299;9789;5666;519;365;309;314;3365;2545;1941;1468;1130;2306;2655;2078;91408;55229;48432;36896;1961;1295;906;561;4878;3394;2170;966;79875;44758;30015;18336;5014;5216;4905;3860
2018-11;17664;7796;6148;6048;64027;33840;24402;15985;6186;11840;16156;13552;576;384;310;262;1536;782;445;232;193;402;455;285;106;21;30;21;4435;2370;1226;628;173;704;739;344;9331;4577;3746;3351;24915;19725;14204;7951;38347;15550;8927;5080;521;334;323;331;3148;2477;1867;1401;1060;2122;2401;1820;87877;53476;46706;35585;1835;1205;930;538;4714;3095;1995;993;72593;39852;26877;16382;4729;4933;4591;3552
2018-12;17849;7781;6223;6032;64994;33744;24776;16252;6397;12267;16211;13848;563;375;302;264;1542;781;465;257;192;379;395;267;111;30;21;21;4238;2272;1268;604;160;733;714;338;9205;4544;3617;3220;24825;19830;13972;7948;37356;15444;8591;5043;544;351;295;362;3201;2490;1933;1521;1165;2277;2554;1917;89240;53792;47210;36132;1845;1190;881;545;4509;3035;2003;963;71386;39818;26180;16211;4910;5118;4782;3800
2019-01;18360;8161;6755;6511;68560;36747;26992;17670;6760;13058;17486;14461;532;347;337;230;1468;721;396;228;203;373;463;267;100;27;28;20;4022;2190;1169;563;151;666;660;305;9739;4824;3835;3424;24638;19771;13992;7795;38370;15588;8691;5026;494;333;322;355;3144;2638;2049;1640;1149;2454;2710;2125;93680;57966;51233;38642;1771;1121;887;515;4273;2883;1857;888;72747;40183;26518;16245;4787;5425;5081;4120
2019-02;16861;7700;6211;6018;64792;34508;25416;16948;6295;12543;16810;14255;436;298;243;204;1280;649;381;185;193;319;395;244;68;7;15;15;3501;1748;975;480;114;567;599;232;8544;4278;3252;3069;21689;17393;12125;6855;33891;13433;7614;4293;443;290;288;313;2822;2304;1930;1331;1016;2178;2362;1807;87948;54751;48437;37221;1541;975;791;444;3683;2322;1589;727;64124;35104;22991;14217;4281;4772;4580;3451
2019-03;18997;8541;6998;6747;72695;38411;28279;18793;7114;13549;18094;15216;479;353;298;234;1417;716;422;214;197;383;385;291;73;18;23;20;3371;1685;1004;434;140;555;546;269;9374;4824;3580;3342;23464;19049;13583;7787;36868;14902;8361;4749;433;321;302;337;3059;2603;2088;1505;1068;2370;2607;2011;98806;60501;53371;40756;1687;1117;830;525;3584;2258;1573;723;69706;38775;25524;15878;4560;5294;4997;3853
2019-04;18457;8385;6705;6635;70349;37142;27528;18359;6774;13061;17383;14700;494;337;260;224;1324;739;424;233;215;338;419;234;69;19;19;18;3160;1655;877;421;108;500;518;237;8991;4553;3556;3123;22353;18546;13344;7694;35309;14668;8080;4734;415;296;273;314;2885;2321;1886;1418;1098;2188;2609;1945;95580;58588;51616;39694;1608;1096;862;485;3337;2174;1414;676;66653;37767;24980;15551;4398;4805;4768;3677
2019-05;18532;8460;6777;6838;71844;38355;28211;19126;6730;13378;18584;15733;466;339;281;216;1353;705;440;212;158;354;419;271;125;26;21;15;3349;1643;962;455;108;568;589;285;9240;4653;3603;3369;23169;19265;13811;7906;36221;15014;8231;4920;437;298;283;290;2981;2427;1847;1457;1108;2322;2781;2013;97106;60193;53572;41697;1636;1085;880;498;3582;2237;1572;755;68630;38932;25645;16195;4526;5047;4911;3760
2019-06;17443;7848;6263;6454;65995;34844;25936;17275;6398;12463;16685;14171;458;280;252;235;1324;695;411;187;191;382;357;232;75;21;21;13;3360;1633;948;441;120;585;536;253;8709;4497;3501;3194;22429;18628;13479;7547;34687;14810;8112;4663;382;251;251;303;2901;2299;1799;1293;1050;2266;2427;1866;89836;55155;48884;37900;1590;1098;789;432;3555;2239;1505;707;65825;37935;25092;15404;4333;4816;4477;3462
2019-07;17196;7730;6192;6392;67334;35191;26206;17759;6435;12790;17672;15036;486;299;313;244;1314;733;409;220;189;366;384;301;112;30;25;18;3618;1879;1035;479;106;549;574;280;9726;4794;3774;3575;25144;20769;14737;8453;36873;15792;8800;5265;395;263;236;281;2973;2303;1770;1401;1041;2223;2580;1941;90965;55711;50070;39187;1615;1129;818;539;3836;2458;1634;777;71743;41355;27311;17293;4409;4789;4586;3623
2019-08;17167;7697;6245;6189;65367;34377;25436;17204;6427;12287;16720;14435;424;266;253;236;1379;724;418;227;202;386;418;296;113;16;23;22;3932;2009;1179;458;158;627;643;286;9773;4961;3969;3705;26264;21807;15860;8977;38588;16882;9613;5475;377;244;246;281;2846;2304;1776;1337;1032;2163;2427;1908;88961;54361;48401;37828;1694;1126;859;545;4203;2652;1845;766;74625;43650;29442;18157;4255;4711;4449;3526
2019-09;16887;7383;5966;5871;65957;34108;25445;16845;6258;12567;17266;14622;454;333;310;227;1415;771;448;225;201;417;483;324;82;13;21;19;4308;2114;1210;569;186;702;710;339;10116;5025;3987;3686;27033;22811;16399;8973;39808;17860;10173;5599;404;294;247;277;2758;2275;1699;1341;1089;2208;2628;1922;89102;54058;48677;37338;1698;1201;952;568;4576;2829;1941;927;76957;45696;30559;18258;4251;4777;4574;3540
2019-10;16495;7346;5897;5775;63821;33260;24141;16166;6031;11851;16253;14147;467;324;273;235;1360;714;460;234;217;401;441;278;107;28;27;29;4226;2109;1278;598;175;663;756;371;9329;4753;3869;3529;25980;22005;15953;8966;38203;16571;9838;5519;369;259;256;286;2693;2191;1790;1324;1060;2221;2613;1876;86347;52457;46291;36088;1684;1143;928;541;4508;2800;2061;998;73512;43329;29660;18014;4122;4671;4659;3486
2019-11;15546;6963;5585;5559;60397;31800;23324;15600;5839;11423;15463;13303;426;327;286;249;1335;694;427;213;219;361;420;242;113;19;19;20;3929;1997;1165;580;173;688;710;318;8757;4414;3529;3182;23417;19517;14296;8132;35161;15065;8786;5099;354;231;238;253;2649;2200;1623;1299;936;2069;2417;1761;81782;50186;44372;34462;1667;1074;866;475;4215;2704;1894;918;67335;38996;26611;16413;3939;4500;4278;3313
2019-12;15151;7167;5729;5551;62036;33564;24394;16328;6033;11882;15837;13852;450;294;273;248;1356;816;449;235;195;320;416;295;86;21;27;18;3718;1851;1156;516;110;654;684;336;8437;4355;3334;3061;23268;19633;14081;7892;34261;14668;8640;4946;383;266;233;298;2579;2237;1847;1346;1002;2145;2603;1960;83220;52613;45960;35731;1637;1157;892;548;3914;2526;1867;870;65966;38656;26055;15899;3964;4648;4683;3604
2020-01;15225;7352;5820;5663;65184;35194;25568;17437;6368;12493;16501;14099;426;321;256;249;1230;692;442;225;202;338;427;298;77;13;22;14;3560;1849;1068;514;127;603;601;308;8998;4518;3566;3239;23199;19541;14108;8068;34150;14816;8369;5011;383;288;253;299;2735;2309;1950;1476;1083;2331;2728;2155;86777;55039;47889;37199;1509;1043;891;537;3764;2465;1691;836;66347;38875;26043;16318;4201;4928;4931;3930
2020-02;14533;6969;5520;5656;61619;33358;24674;16777;6006;11739;15762;13561;363;270;205;177;1116;627;359;199;172;338;367;261;57;10;13;17;3087;1562;884;433;125;519;548;254;7899;3871;3104;2915;20929;17319;12431;7064;30500;13088;7370;4247;329;249;226;242;2486;2246;1690;1246;954;2037;2431;1802;82158;52066;45956;35994;1345;975;739;477;3269;2091;1445;704;59328;34278;22905;14226;3769;4532;4347;3290
2020-03;15873;7694;6321;6192;68489;37921;27655;18812;6707;13362;18060;15704;340;256;247;204;1049;634;436;238;169;326;407;267;52;9;14;16;3019;1499;932;421;122;484;504;253;8481;4184;3253;2921;21611;18369;13289;7376;32526;13854;7846;4387;376;278;220;273;2637;2241;1786;1420;1046;2155;2686;2043;91069;58977;52036;40708;1270;969;857;521;3193;1992;1450;690;62618;36407;24388;14684;4059;4674;4692;3736
2020-04;15823;7657;6080;6198;67800;36843;27102;18699;6403;12990;17126;15016;373;265;230;223;1141;636;389;220;135;332;413;239;54;9;18;16;2946;1458;867;340;122;462;491;242;8155;4092;3014;2813;21379;18033;13329;7666;30912;13385;7682;4338;310;253;253;269;2563;2208;1715;1325;923;2054;2614;1872;90026;57490;50308;39913;1330;977;820;475;3122;1929;1376;598;60446;35510;24025;14817;3796;4515;4582;3466
2020-05;16184;7721;6405;6275;68510;37482;27308;19182;6495;13028;17296;15017;385;282;266;237;1195;693;464;240;167;301;366;276;58;5;11;16;3106;1491;862;447;133;511;527;213;8217;4259;3304;3021;21577;19034;13584;7857;31855;13733;7891;4546;304;253;237;260;2520;2208;1770;1358;941;2091;2589;1873;91189;58231;51009;40474;1420;999;841;532;3297;2007;1400;676;61649;37026;24779;15424;3765;4552;4596;3491
2020-06;15157;7247;5739;5815;63730;34744;25044;17581;6178;12266;16438;14607;315;285;258;194;1225;675;365;227;142;285;405;264;55;7;12;16;2978;1448;895;434;128;482;586;253;7975;4017;3078;2954;21613;18503;13433;7689;31286;13791;8045;4467;299;278;234;260;2529;2109;1759;1370;946;2029;2517;1839;85065;54257;47221;38003;1422;967;782;507;3161;1937;1493;703;60874;36311;24556;15110;3774;4416;4510;3469
2020-07;15579;7239;5735;5743;64879;34909;25214;17710;6183;12494;16539;14820;356;246;226;226;1228;656;464;226;154;313;415;285;79;9;11;14;3443;1724;1020;486;143;534;556;273;8436;4222;3377;3110;23936;20018;14671;8154;33651;14871;8584;4950;335;200;221;262;2466;2127;1787;1301;919;2070;2556;1834;86641;54642;47488;38273;1461;978;890;525;3665;2267;1587;773;66023;39111;26632;16214;3720;4397;4564;3397
2020-08;14908;6852;5595;5519;62417;33640;23952;16573;6150;12016;15712;13884;344;306;239;242;1208;685;411;207;161;349;401;284;95;10;18;15;3772;1944;1164;538;167;596;649;344;8876;4559;3551;3281;24950;20681;15235;8190;34853;15413;9170;5318;302;249;207;266;2481;2038;1717;1279;838;1942;2445;1793;83475;52508;45259;35976;1464;1044;830;506;4034;2550;1831;897;68679;40653;27956;16789;3621;4229;4369;3338
2020-09;14721;6993;5562;5411;63355;34411;24235;16788;6213;12545;16919;14529;349;279;258;223;1149;777;474;237;171;319;444;278;85;15;14;20;4216;2206;1373;598;182;657;719;390;8984;4682;3628;3460;25838;21904;15991;8772;35714;16198;9628;5494;277;247;220;251;2504;2067;1704;1297;900;2033;2537;1976;84289;53949;46716;36728;1405;1111;932;535;4483;2878;2106;1008;70536;42784;29247;17726;3681;4347;4461;3524
2020-10;14331;6648;5255;5268;60918;32646;23122;16148;6030;11714;15705;14069;355;297;272;247;1082;677;486;244;149;334;395;292;104;10;14;20;4340;2008;1291;668;188;669;752;403;8816;4507;3471;3419;24611;21045;15384;8691;34836;15412;9284;5398;280;245;196;264;2580;2118;1751;1312;875;1990;2493;1839;81279;51008;44082;35485;1335;1021;895;556;4632;2687;2057;1091;68263;40964;28139;17508;3735;4353;4440;3415
2020-11;13526;6481;5022;5045;58714;31914;22470;15801;5820;11332;14834;13080;315;266;216;212;1139;732;423;243;142;331;385;249;99;16;11;24;4238;2065;1288;631;198;571;668;345;8197;4172;3195;3036;22618;18732;13584;7675;31599;13953;8487;4904;303;235;242;248;2348;2137;1669;1245;864;1926;2419;1755;78060;49727;42326;33926;1380;1079;819;516;4535;2652;1967;1000;62414;36857;25266;15615;3515;4298;4330;3248
2020-12;14134;6669;5252;5314;61945;33808;23368;16262;6083;11962;14956;12983;317;298;232;178;1167;653;412;225;156;281;410;280;99;17;14;18;4039;2015;1237;574;198;616;679;362;8028;4038;3099;2800;21921;18667;13433;7298;30912;13781;7939;4662;320;253;235;261;2488;2133;1740;1272;775;1881;2345;1679;82162;52439;43576;34559;1422;951;836;523;4336;2648;1930;954;60861;36486;24471;14760;3583;4267;4320;3212
2021-01;14362;6672;5428;5436;64112;34365;24057;17032;5856;12158;15511;13163;265;229;227;201;993;601;360;202;161;295;365;212;70;10;16;16;3459;1597;1033;504;153;485;544;274;8172;4035;3013;2835;19623;16485;12298;6865;29296;12770;7429;4136;275;244;234;235;2207;2063;1678;1259;742;1769;2391;1638;84330;53195;44996;35631;1224;906;741;430;3682;2092;1593;794;57091;33290;22740;13836;3224;4076;4303;3132
2021-02;13401;6542;5176;5263;60370;32963;22976;16565;5703;11625;14698;13058;217;227;197;166;963;592;358;194;129;282;319;238;62;15;10;15;2799;1400;901;423;123;440;475;238;7150;3389;2628;2437;17381;14661;11111;6252;26054;11324;6696;3738;229;226;194;191;2044;1730;1451;1120;605;1651;2119;1567;79474;51130;42850;34886;1154;889;687;447;2984;1855;1386;676;50585;29374;20435;12427;2878;3607;3764;2878
2021-03;15110;7273;5692;5942;68518;37321;26349;18860;6205;13154;16992;15388;265;267;228;184;970;668;415;208;151;273;368;276;57;8;10;14;3060;1430;911;430;132;468;509;274;7928;3933;2923;2829;19447;16749;12225;7119;29064;12634;7597;4319;299;246;264;248;2152;2019;1565;1198;733;1726;2422;1691;89833;57748;49033;40190;1178;949;793;498;3249;1906;1430;718;56439;33316;22745;14267;3184;3991;4251;3137
2021-04;14430;7068;5664;5839;65916;36397;25234;18205;6044;12611;16379;14978;258;257;227;194;940;581;340;232;152;261;341;274;71;8;10;16;2977;1300;890;348;126;421;508;248;7699;3781;2927;2715;18486;16157;11850;6611;27874;12026;7278;4160;254;221;209;236;1987;1917;1568;1222;703;1638;2380;1729;86390;56076;47277;39022;1163;850;691;522;3174;1729;1408;612;54059;31964;22055;13486;2944;3776;4157;3187
2021-05;14927;7226;5708;5941;67550;37312;25819;18876;6347;13111;17088;15657;254;232;207;211;979;708;382;229;159;292;370;276;70;10;10;13;2922;1404;869;402;132;412;459;285;8080;4154;3055;2906;19799;17264;12561;7127;29789;12876;7641;4294;265;202;229;227;2116;1878;1640;1276;697;1799;2285;1764;88824;57649;48615;40474;1208;1010;762;518;3124;1826;1338;700;57668;34294;23257;14327;3078;3879;4154;3267
2021-06;13441;6693;5156;5314;62729;34321;24149;17164;5917;12360;15816;14959;268;235;231;213;1026;624;378;232;144;300;382;278;71;16;9;13;2820;1304;916;407;144;454;471;262;7673;3793;3044;2853;19666;17437;13115;7660;29174;13186;7893;4470;266;247;207;252;2042;1869;1668;1245;685;1690;2464;1781;82087;53374;45121;37437;1241;940;769;523;3035;1774;1396;682;56513;34416;24052;14983;2993;3806;4339;3278
2021-07;13227;6639;5239;5238;62910;34611;24042;17293;5880;12617;16255;14798;300;258;228;201;1079;639;440;227;173;309;416;278;65;6;10;13;3178;1558;983;464;144;498;600;327;8398;4221;3210;2969;21741;19043;14100;7944;31205;13980;8275;4909;278;230;226;239;2152;2019;1715;1268;738;1787;2500;1923;82017;53867;45536;37329;1317;954;866;518;3387;2062;1593;804;61344;37244;25585;15822;3168;4036;4441;3430
2021-08;12816;6273;4939;5271;62658;34155;23777;16859;5940;12332;15881;14799;277;287;242;207;1051;733;422;235;152;307;399;275;93;10;12;14;3638;1689;1130;494;175;591;619;366;8955;4351;3282;3068;22769;19775;14887;8324;32422;14448;8956;5129;283;208;220;226;2027;1941;1748;1271;756;1877;2575;1904;81414;52760;44597;36929;1296;1050;833;524;3906;2290;1761;874;64146;38574;27125;16521;3066;4026;4543;3401
2021-09;12417;6248;4893;5087;62966;34651;23820;17048;5972;12564;16630;14826;299;278;239;244;1110;755;437;232;178;380;437;324;102;18;16;12;4039;1925;1257;582;211;619;635;364;8861;4630;3357;3162;24731;21421;16037;8852;34572;15518;9529;5432;216;221;195;246;2266;2059;1723;1252;834;1923;2643;1984;81355;53463;45343;36961;1390;1153;890;568;4352;2562;1908;958;68164;41569;28923;17446;3316;4203;4561;3482
2021-10;12379;6297;4796;5079;61230;33891;22937;16586;5754;12105;15773;14416;315;267;234;229;1161;734;459;237;163;336;413;333;117;21;14;17;4266;2035;1340;627;167;642;666;389;8589;4334;3220;3032;23405;20253;15190;8716;33210;14611;8952;5066;223;199;219;241;2242;2050;1634;1289;785;1902;2568;1954;79363;52293;43506;36081;1441;1091;886;587;4550;2698;2020;1033;65204;39198;27362;16814;3250;4151;4421;3484
2021-11;12111;6155;4829;4718;60472;33782;22855;15993;5593;11949;15323;13684;292;251;241;197;979;677;409;242;156;336;414;302;106;17;13;19;3733;1783;1216;570;202;566;611;373;8031;3964;3006;2924;21926;18954;14574;8266;30566;13689;8327;5028;197;171;190;197;2177;2039;1720;1282;762;1884;2544;1918;78176;51886;43007;34395;1241;1030;836;563;4041;2366;1840;962;60523;36607;25907;16218;3136;4094;4454;3397
2021-12;12027;6186;4969;5034;62250;34774;23245;17113;5738;12187;15406;14275;253;243;239;209;1089;730;423;258;147;336;432;322;93;11;10;25;3690;1764;1160;615;171;572;590;334;7981;3880;3035;2974;22285;19344;14814;8697;30630;13564;8449;5099;215;184;193;242;2229;2012;1686;1322;764;1901;2734;1937;80015;53147;43620;36422;1329;1077;865;605;3954;2347;1760;974;60896;36788;26298;16770;3208;4097;4613;3501
2022-01;12034;6194;4922;5049;63232;35211;24121;17295;5646;12336;15659;14502;259;228;242;203;1073;651;402;237;154;290;375;302;;;;;;;;;;;;;7760;3877;2995;2874;20735;18037;13442;8024;29758;12967;8141;4646;;;;;;;;;;;;;80912;53741;44702;36846;1227;941;777;539;;;;;58253;34881;24578;15544;;;;
2022-02;10847;5778;4643;4870;58385;33102;22874;16812;5541;12000;14961;14125;241;194;181;156;884;584;348;198;160;310;366;266;;;;;;;;;;;;;6979;3397;2635;2537;18475;16650;12618;7260;26801;11720;7415;4070;;;;;;;;;;;;;74773;50880;42478;35807;1044;894;714;464;;;;;52255;31767;22668;13867;;;;
2022-03;12077;6607;5168;5421;66053;37618;25791;19139;6205;13492;17000;15986;256;234;185;171;946;634;364;235;162;307;384;289;;;;;;;;;;;;;7650;3727;2965;2774;20500;18401;13667;8013;28898;13033;8228;4661;;;;;;;;;;;;;84335;57717;47959;40546;1108;941;748;524;;;;;57048;35161;24860;15448;;;;
2022-04;11405;6349;5068;5294;63843;36384;25116;18540;5816;12948;16089;15278;205;221;203;196;990;638;394;211;163;293;412;295;;;;;;;;;;;;;7023;3590;2750;2591;19092;17042;13206;7516;27128;11805;7456;4126;;;;;;;;;;;;;81064;55681;46273;39112;1153;931;806;506;;;;;53243;32437;23412;14233;;;;
2022-05;11710;6500;5246;5337;64156;37343;25477;19110;5987;13368;17068;16486;224;252;198;198;954;616;406;226;197;287;405;306;;;;;;;;;;;;;7221;3616;2871;2565;19443;17596;13541;8020;28317;12327;7888;4420;;;;;;;;;;;;;81853;57211;47791;40933;1151;903;811;532;;;;;54981;33539;24300;15005;;;;
2022-06;10611;5978;4713;4793;59459;34091;23473;17594;5615;12371;15789;15224;208;241;160;176;967;666;402;244;160;304;376;294;;;;;;;;;;;;;7250;3579;2741;2675;19361;17219;13628;7861;27274;12298;8020;4468;;;;;;;;;;;;;75685;52440;43975;37611;1127;970;778;538;;;;;53885;33096;24389;15004;;;;
2022-07;10285;5771;4585;4783;59448;33743;23406;17190;5719;12681;16198;15615;248;204;177;169;1004;595;410;213;160;312;393;277;;;;;;;;;;;;;7822;3769;2939;2793;21230;18987;14552;8686;28918;13121;8357;4779;;;;;;;;;;;;;75452;52195;44189;37588;1164;907;803;490;;;;;57970;35877;25848;16258;;;;
2022-08;9877;5557;4366;4649;57846;33789;23432;17392;5545;12727;16390;15167;240;255;249;206;1036;717;448;266;177;316;435;317;;;;;;;;;;;;;8178;4017;3238;3012;22423;20299;15805;9101;31030;14276;9191;5308;;;;;;;;;;;;;73268;52073;44188;37208;1213;1033;883;583;;;;;61631;38592;28234;17421;;;;
2022-09;8857;5057;3998;4165;52375;31625;21629;15860;5352;12309;15793;14568;276;247;212;197;1074;717;444;275;179;324;450;332;;;;;;;;;;;;;8037;4009;3191;2991;22672;20792;16326;9046;31042;14418;9468;5338;;;;;;;;;;;;;66584;48991;41420;34593;1253;1041;894;607;;;;;61751;39219;28985;17375;;;;
2022-10;8859;5046;3995;4126;52412;31473;21032;15386;5100;11871;15215;14181;244;223;183;195;1039;631;409;261;190;332;433;282;;;;;;;;;;;;;7877;3887;3014;2831;21865;19824;15451;9037;30228;13300;8835;5017;;;;;;;;;;;;;66371;48390;40242;33693;1229;963;842;543;;;;;59970;37011;27300;16885;;;;
2022-11;9565;5374;4264;4319;56782;33938;22862;16429;5605;12590;15483;14912;226;247;204;184;1010;722;461;248;198;331;453;325;;;;;;;;;;;;;7525;3651;2919;2701;20698;18402;14495;8796;29291;13009;8553;4763;;;;;;;;;;;;;71952;51902;42609;35660;1208;1053;914;573;;;;;57514;35062;25967;16260;;;;
2022-12;10070;5798;4622;4485;61394;36232;24193;17749;5854;13210;16393;15322;233;201;209;183;1017;684;408;254;161;320;446;307;;;;;;;;;;;;;7432;3638;2855;2614;20961;18700;14916;8832;29169;12614;8358;4959;;;;;;;;;;;;;77318;55240;45208;37556;1178;1004;854;561;;;;;57562;34952;26129;16405;;;;
