Mes;07B1519;07B2024;07B2529;07B3034;07B3539;07B40;8B1519;8B2024;8B2529;8B3034;8B3539;8B40;12B1519;12B2024;12B2529;12B3034;12B3539;12B40;07CR1519;07CR2024;07CR2529;07CR3034;07CR3539;07CR40;8CR1519;8CR2024;8CR2529;8CR3034;8CR3539;8CR40;12CR1519;12CR2024;12CR2529;12CR3034;12CR3539;12CR40;07CB1519;07CB2024;07CB2529;07CB3034;07CB3539;07CB40;8CB1519;8CB2024;8CB2529;8CB3034;8CB3539;8CB40;12CB1519;12CB2024;12CB2529;12CB3034;12CB3539;12CB40;07M1519;07M2024;07M2529;07M3034;07M3539;07M40;8M1519;8M2024;8M2529;8M3034;8M3539;8M40;12M1519;12M2024;12M2529;12M3034;12M3539;12M40;07CH1519;07CH2024;07CH2529;07CH3034;07CH3539;07CH40;8CH1519;8CH2024;8CH2529;8CH3034;8CH3539;8CH40;12CH1519;12CH2024;12CH2529;12CH3034;12CH3539;12CH40
2012-01;-6;-13;-12;-7;-2;-1;8;6;9;13;11;8;-56;-33;-18;-5;-3;5;7;3;-7;-5;-7;33;18;4;8;-10;50;-8;0;27;2;18;-9;37;-23;-29;-10;-16;-30;-45;-12;1;-9;-13;-14;1;;3;10;8;17;-10;-2;-3;-5;-7;-2;-3;9;7;9;6;3;8;4;4;0;0;-2;6;-13;-16;-13;-2;-12;2;0;-4;-5;-6;-1;-3;-2;-3;-1;1;-1;0
2012-02;-5;-10;-9;-4;-4;-3;10;10;12;14;14;9;-55;-30;-15;1;3;5;1;-7;4;12;5;5;22;3;7;13;23;3;16;25;7;2;-4;100;50;-52;-13;10;-6;25;6;7;15;3;-5;4;;49;38;20;13;93;3;-3;-3;-2;-4;-11;15;9;8;8;6;3;7;8;6;3;0;-4;-14;-12;-17;-14;-8;-4;0;0;2;16;6;1;-11;9;7;10;4;26
2012-03;-9;-15;-14;-8;-7;-4;7;4;5;9;9;8;-55;-29;-14;0;3;2;1;-9;-8;-2;-15;12;19;-2;2;12;-3;29;-30;-1;-14;-9;15;-11;-14;-23;-20;-29;18;167;2;7;13;1;13;31;;21;28;17;-18;-31;-4;-5;-7;-3;-2;-2;7;8;8;7;1;8;2;6;2;3;-5;0;-11;-11;-17;-10;-11;-27;-5;-6;-10;-1;-12;-13;10;11;3;1;-1;0
2012-04;-11;-15;-17;-9;-8;-8;7;3;4;9;8;11;-54;-30;-14;0;1;0;9;-10;-15;-7;6;0;3;1;-9;6;-17;0;58;-4;-8;4;10;24;4;14;-21;-23;-43;-50;-13;0;-1;-8;-8;-12;;3;11;6;-14;12;-3;-4;-6;-4;0;-5;9;7;6;6;3;6;5;5;3;1;3;-3;-1;-5;-11;-7;-17;-5;1;-1;-5;7;3;-9;13;4;2;8;2;-6
2012-05;-11;-18;-18;-13;-11;-5;4;1;0;7;7;8;-47;-24;-11;0;-1;5;-10;-11;-6;6;0;56;11;4;7;8;-3;28;87;-7;-3;5;12;-23;61;-33;10;3;-28;20;-10;-8;-4;-4;-20;20;;29;8;-4;7;21;-4;-6;-7;-3;-3;-3;9;10;7;7;4;8;5;6;4;4;-1;5;2;-11;-23;-12;-12;-4;4;1;-3;11;-10;8;9;16;3;9;0;5
2012-06;-11;-17;-17;-11;-11;-7;2;1;1;6;3;5;-46;-21;-10;0;2;-1;-2;-5;-2;-12;-16;21;6;1;7;1;-10;-31;25;-8;1;-2;-10;13;-32;30;-4;-52;0;-53;-4;-3;-6;-11;-3;11;;-12;-4;-10;-12;7;-1;-4;-5;-3;-2;0;7;7;7;5;8;3;4;5;4;1;1;3;0;-10;-3;-20;-7;-31;-1;-2;3;-3;-6;5;-23;7;9;11;12;-10
2012-07;-7;-12;-14;-6;-8;-5;5;2;3;7;5;7;-38;-16;-7;4;3;4;-15;-6;-12;23;-15;55;-3;-7;4;-10;-6;-6;-31;-6;5;7;13;-23;56;-19;17;4;-43;140;-4;1;7;2;-1;-6;;-9;8;12;15;-9;-4;-5;-11;-8;-6;-7;7;8;5;5;4;9;5;6;2;1;-1;-6;-11;-5;-14;5;-1;-16;0;2;-1;2;0;-4;11;16;3;15;8;9
2012-08;-8;-12;-15;-9;-5;-2;8;3;3;7;7;0;-33;-13;-4;4;6;3;-4;-2;-5;11;-16;-17;-8;-3;-9;3;-8;-12;-12;-6;5;20;17;41;-26;25;-13;10;-3;-28;-12;-14;-10;-11;-13;4;;-17;-8;-6;1;13;-4;-4;-9;-4;-7;-10;9;8;7;5;6;27;5;4;3;1;0;13;-2;-4;-18;-8;-18;-5;-1;-7;0;4;-8;2;-6;-1;2;9;2;19
2012-09;-8;-10;-12;-7;-4;-3;9;5;5;11;10;10;-34;-12;-2;9;9;2;-5;-5;-4;-6;-10;-16;-4;-3;-12;0;3;-13;-4;-20;-5;-12;-16;56;-21;-39;-14;11;-46;67;-14;-19;-17;-20;-26;1;;-9;-14;-2;-21;26;-1;-5;-9;-7;2;-6;4;7;1;3;1;36;0;3;-1;0;-2;5;-17;-5;-14;-21;2;-18;-14;-10;-9;-4;-6;-9;-19;-4;1;6;6;-5
2012-10;-4;-8;-8;-3;-3;-3;12;8;10;15;15;20;-22;-6;6;16;13;19;0;-8;-3;-4;-4;2;-3;5;9;0;28;5;24;-4;3;2;22;-22;-8;-17;-42;-24;-15;-36;-9;-11;-7;-11;-13;-11;;7;8;13;-8;-24;-4;-4;-10;-2;-1;-8;10;9;7;9;7;15;3;4;0;3;0;15;-16;-2;-21;-7;-10;-10;-8;1;-4;2;-7;-8;-23;12;9;13;14;19
2012-11;-6;-10;-10;-5;-2;-9;5;3;2;9;7;13;-20;-3;-1;11;9;7;1;-9;-4;-1;5;78;0;0;4;-3;-13;-3;-23;-22;-4;13;4;12;-11;-25;-36;8;-28;-48;-17;-11;-10;-15;-11;-1;;3;15;16;-10;-7;-7;-11;-12;-9;-6;-7;6;4;4;4;4;8;-1;0;-2;0;-4;-4;-18;-21;-10;-15;2;-22;-13;-6;-3;3;-16;3;-15;-4;2;0;6;17
2012-12;-4;-10;-11;-7;-4;-7;8;1;2;8;7;13;-8;-4;4;12;13;-2;4;-4;1;1;2;-24;0;-2;-6;11;9;83;-20;-4;0;6;-6;-15;9;-27;-19;30;-3;-18;-15;-13;-13;-12;-20;-33;;-2;-2;7;1;3;-8;-7;-10;-5;-3;-11;1;6;5;6;4;5;1;3;-1;-1;-1;-5;-9;-21;-28;-6;-10;-26;-9;-6;-7;-5;-9;-17;1;2;6;15;4;-2
2013-01;-8;-7;-9;-7;-4;-3;9;3;2;10;8;14;-11;1;5;15;15;9;-10;-8;-4;5;38;11;-2;-1;1;17;9;70;30;-3;1;-4;4;0;7;-23;-27;22;10;50;0;-6;4;-3;-12;12;;0;9;12;-6;16;-2;-6;-9;-4;-2;-3;4;5;6;6;7;18;0;2;1;2;2;0;-5;0;-12;-3;-15;-10;-9;0;-3;5;-10;0;-5;15;6;13;7;21
2013-02;-10;-14;-14;-12;-8;-6;2;-3;-3;3;2;9;-9;-5;-1;7;4;8;-24;-13;-1;-1;-9;0;-11;1;-10;13;-11;-6;-38;-14;4;0;15;0;-28;-7;-10;-14;-14;20;-9;-9;-11;-5;-11;1;;-18;-5;1;-4;-20;-7;-8;-11;-7;-5;-9;4;2;2;0;-2;2;-2;-2;-2;-1;1;3;-2;-7;-10;-2;-25;-6;-11;-9;-9;-16;-5;-4;2;1;4;0;10;1
2013-03;-11;-12;-15;-11;-7;-7;2;-5;-3;1;0;1;-8;-4;-2;4;2;3;-13;-7;-9;-7;-10;28;-17;-1;1;-11;11;3;52;-8;5;6;13;-12;-6;-25;-19;3;-30;-42;-14;-14;-9;-5;-28;-6;;-13;0;11;12;64;-6;-8;-11;-10;-7;-11;8;4;1;0;3;6;0;-1;-2;-5;1;-6;-9;-12;-12;-13;-9;0;-11;-6;-2;-5;-6;2;-3;-7;-2;5;7;4
2013-04;-5;-5;-7;-5;-1;4;8;3;4;12;9;13;3;6;8;13;18;20;-16;-7;1;1;-12;15;-3;-2;13;-6;27;31;-41;13;9;-5;47;38;0;-32;-7;4;-19;-43;3;-1;5;11;-4;1;;-5;13;27;17;35;-6;-6;-12;-7;-2;-4;7;5;4;7;5;4;0;1;-3;3;1;2;-9;-6;-3;-2;-1;-18;-12;-8;-3;-1;-6;-6;-11;10;11;9;13;22
2013-05;-3;-6;-7;-4;-2;-5;6;1;4;7;10;4;0;1;7;10;11;16;-9;-18;-4;-8;-2;-2;-6;-7;-2;8;-2;-32;4;-6;12;-4;18;0;-24;-17;-21;-3;-15;-17;3;3;-2;-5;-10;-15;;-3;19;21;-3;-34;-4;-5;-11;-7;-5;-9;9;1;1;1;3;1;0;1;-3;-1;-2;-7;-14;-2;-7;12;-4;1;-12;-4;-3;-15;5;-10;-5;-6;7;10;13;8
2013-06;-4;-7;-8;-8;-4;-6;9;0;2;6;7;13;8;2;4;9;8;6;-13;-7;-10;7;16;4;-6;-2;-3;-7;12;52;-26;9;10;-5;15;-26;-4;-60;-51;-19;21;13;0;-3;1;-2;-17;-20;;8;22;28;19;28;-7;-7;-13;-10;-5;-16;6;0;2;0;-1;5;-1;0;-3;-2;-5;-3;3;-5;-20;1;-6;22;-11;-5;-6;4;-4;-9;34;2;3;9;-1;22
2013-07;-6;-7;-7;-7;-1;-7;6;2;1;7;8;4;9;4;9;12;14;9;3;-5;-1;-14;6;8;-6;-2;-1;7;-7;-17;10;3;3;0;4;26;-29;-42;-20;-47;-29;-33;-8;-11;-14;-16;-23;-24;;-6;3;14;-10;52;-8;-7;-9;-7;-6;-10;8;4;4;5;2;0;-3;0;-3;-2;0;-7;1;-8;-11;-4;-4;22;-15;-5;-3;0;0;-5;-4;3;11;6;12;6
2013-08;-5;-8;-10;-8;-4;-8;6;0;1;5;5;4;4;3;4;10;9;2;-13;-6;-15;11;8;2;6;1;5;-8;8;-19;-22;-3;-6;-11;14;-26;48;-40;-23;-20;-39;-23;6;8;12;5;-2;-9;;22;24;36;9;7;-4;-8;-12;-7;-2;-11;6;4;2;4;2;-15;-2;0;-1;-2;-3;-19;-11;-2;-15;-8;-7;4;-12;-3;-5;-5;-10;-16;8;10;4;8;10;-5
2013-09;-6;-10;-9;-10;-6;-7;7;2;1;5;6;6;11;5;5;9;13;13;-15;-12;-14;-11;-6;-32;-13;-5;-2;-7;5;-39;4;15;-4;6;8;40;21;6;-30;31;45;-60;1;0;5;0;-5;-15;;11;23;23;9;27;-5;-4;-9;-6;-9;-10;12;5;5;4;6;-14;2;0;2;0;-3;-13;7;0;-12;-3;-12;2;-7;1;5;2;-2;10;12;1;15;9;2;12
2013-10;-7;-10;-9;-8;-6;-5;4;0;-1;2;2;3;1;5;1;7;9;5;-11;-19;-2;-4;6;2;-5;-13;-7;-23;-21;-36;-36;-6;5;0;13;14;-7;-29;20;-8;34;22;0;0;8;2;-18;2;;-12;1;8;-5;48;-5;-6;-8;-7;-6;-11;6;6;6;8;2;-1;0;1;3;-1;-1;-7;-1;-4;-7;-2;-12;9;-6;-6;3;2;-1;4;7;5;11;6;2;6
2013-11;-8;-9;-9;-10;-6;-7;4;-1;0;2;6;-1;4;1;2;5;7;2;-12;-11;-7;-5;-13;-24;-9;-3;1;-1;-8;-14;15;5;9;-12;1;-29;-7;-25;5;-12;-10;0;4;-2;3;4;-5;-8;;1;5;23;-2;19;-5;-3;-6;-4;-6;-13;8;5;3;3;1;-4;1;3;2;1;0;-10;2;12;-2;-1;-14;17;-2;-6;2;0;1;2;16;6;5;13;0;16
2013-12;-12;-10;-8;-8;-7;-5;3;0;2;3;6;-2;4;7;4;7;10;18;-20;-9;-15;-14;-3;16;-4;1;3;-1;3;-18;11;1;6;10;16;7;-9;10;-17;-48;-16;14;6;2;13;11;-1;10;;3;15;30;14;-22;-1;-3;-5;-4;-3;-2;13;6;7;9;8;7;1;2;4;4;4;2;-9;7;7;-4;-9;26;-5;-1;8;8;3;17;18;14;16;2;10;27
2014-01;-7;-12;-10;-7;-5;-7;4;2;3;6;10;6;6;4;9;7;9;11;-11;-15;-10;0;-15;-25;-4;-4;6;4;-15;10;0;11;5;9;22;35;19;-18;10;-8;-30;-22;-4;-4;-4;1;-1;-10;;-5;10;20;7;12;-10;-9;-12;-9;-8;-14;7;2;-2;5;5;-3;0;1;1;2;1;-4;-6;0;7;-14;1;1;-2;-3;7;0;7;8;8;6;11;8;12;4
2014-02;-7;-7;-8;-6;-4;-4;7;4;6;8;10;11;2;9;10;12;21;12;-3;-7;-14;4;-8;-13;2;-4;25;-2;14;7;39;15;6;14;-4;-7;73;-29;-5;-32;24;17;-5;-5;6;-5;-12;-14;;6;6;38;12;29;-8;-8;-12;-7;-5;-6;4;2;3;5;8;9;-2;2;-1;1;3;-4;-17;-6;-7;-7;7;3;-8;0;4;7;-7;-2;-1;8;13;11;-3;13
2014-03;-7;-8;-5;-7;0;1;6;4;4;5;10;6;1;4;4;5;11;4;-4;-6;-2;5;3;-12;13;6;9;22;6;-3;-17;24;6;17;1;18;-7;-7;-17;-15;-35;-29;5;3;5;1;-2;-6;;9;14;24;10;-17;-5;-4;-8;-5;-4;-12;0;2;3;4;4;-1;-1;2;1;3;0;-6;1;7;1;-5;0;9;-6;-2;3;9;1;2;2;14;17;13;2;20
2014-04;-7;-8;-7;-8;-5;-8;4;2;3;3;9;-1;-3;3;6;7;15;3;-6;-12;-8;-3;11;-18;-1;3;4;8;2;-45;8;-11;9;18;-1;14;8;11;-18;14;54;100;0;-3;6;8;-13;26;;4;3;0;-2;-20;-7;-9;-11;-7;-9;-18;2;0;3;2;7;3;-2;-1;0;-2;-4;-1;-16;11;-3;-6;-11;-2;-6;0;5;5;-1;14;-21;0;12;10;6;8
2014-05;-10;-8;-6;-6;-4;-1;4;2;3;5;7;8;4;5;4;5;14;-2;-3;1;5;8;-12;12;1;7;9;-4;12;4;28;13;4;12;10;-20;45;-28;-6;-36;-23;120;3;-2;11;7;5;5;;-2;3;24;18;48;-10;-10;-12;-9;-4;-5;-2;2;5;5;0;3;-3;-1;1;-1;-2;-1;1;-8;4;-18;-13;-15;-4;-5;6;13;-4;6;-22;13;8;7;9;1
2014-06;-8;-8;-6;-5;-1;2;3;3;4;7;11;3;3;4;8;11;17;14;-14;-10;6;-9;-1;-34;1;4;6;16;-2;-13;-19;-13;-7;23;13;80;30;5;-8;36;-48;78;-2;-5;10;16;4;16;;-20;-1;26;5;0;-7;-6;-12;-8;-8;-3;0;5;3;7;5;4;-4;0;0;0;1;-5;-23;-9;2;-2;-14;-16;-8;4;3;6;1;-1;-16;15;11;13;17;23
2014-07;-6;-6;-4;-5;-1;4;5;4;7;10;11;13;3;8;8;12;15;15;-22;-11;-9;1;2;-11;-7;12;4;17;2;56;9;5;3;13;6;-31;33;32;-37;12;20;25;-5;-6;11;1;-2;4;;-5;-6;-7;-2;-23;-7;-11;-13;-10;-4;-13;0;0;3;3;2;2;-2;-1;-1;-3;-2;-6;-4;1;10;-6;-15;-4;-2;0;7;6;4;20;3;6;19;12;5;10
2014-08;-6;-8;-4;-6;0;1;6;3;4;5;11;13;5;7;7;9;15;19;-12;-7;6;-7;-7;-6;-7;-9;5;11;8;14;3;10;19;16;-5;22;-9;-28;-24;-53;42;10;-14;-19;-10;-7;-24;-8;;-24;-13;-3;-23;-14;-11;-11;-13;-13;-8;-5;-2;1;3;3;3;5;-5;-4;-3;0;-1;1;0;-14;7;2;-2;-17;-6;0;4;8;6;19;-14;3;15;8;3;17
2014-09;-5;-2;-2;-1;0;3;5;5;6;7;13;10;0;11;13;11;18;16;-3;-12;-12;7;13;28;2;8;3;29;-1;35;17;2;23;14;30;0;5;-24;-28;-6;-7;50;-7;-5;-4;2;-4;2;;-12;-4;0;-5;-19;-7;-9;-10;-8;-4;-8;2;4;5;11;5;6;-3;1;-2;2;1;3;-18;-5;5;-6;8;-12;-4;-3;8;11;7;2;-8;8;10;7;11;23
2014-10;-8;-8;-5;-10;0;-2;3;2;2;5;8;5;3;5;6;5;15;16;-5;3;-11;13;7;16;-2;8;11;46;27;7;-57;3;3;29;31;42;19;-6;-30;-2;-44;64;-11;-12;-6;-2;-7;-16;;-8;3;7;1;-3;-7;-6;-11;-7;-6;-7;4;4;5;8;7;3;-1;3;1;4;-1;-5;-4;2;1;-1;8;-1;-4;3;5;8;8;-5;-1;7;9;12;7;8
2014-11;-5;-6;-7;-8;-1;-2;5;5;5;7;7;15;13;8;11;9;19;17;1;1;-6;1;-1;-7;3;5;8;3;9;-7;-35;-7;0;17;2;80;26;-15;30;25;-25;9;-6;-9;0;6;-15;-4;;-10;0;-4;-13;-19;-8;-4;-12;-8;-4;-8;4;4;6;9;9;12;-2;1;2;2;0;-7;-12;-5;-13;4;1;1;-10;3;8;4;8;1;-6;3;19;5;10;4
2014-12;-2;-3;-6;-5;2;1;9;8;7;8;14;14;-1;7;12;11;19;17;-13;-6;8;9;7;25;-4;-1;6;15;-3;67;-32;12;8;-6;24;16;-3;-12;-28;33;-41;-25;-3;-4;1;-5;-14;-17;;-2;4;-4;-4;11;-2;-3;-10;-9;-2;-7;1;3;5;6;8;5;-3;2;1;1;-4;-1;-11;-7;2;-3;5;-9;-10;1;6;5;-2;5;-29;-2;12;14;9;13
2015-01;-6;-3;-5;-7;-5;-1;4;3;3;5;8;8;6;8;7;10;16;7;-12;-4;-8;-14;-18;21;-3;0;12;5;11;-35;-4;-17;5;11;16;-17;24;4;-38;-14;44;-21;1;-3;3;4;-7;-12;;0;-8;1;-18;9;-4;-5;-9;-7;-2;-3;-4;3;7;6;2;0;-6;-2;0;-5;-2;-5;-9;-5;-15;-1;-9;-15;-13;4;1;1;2;-2;-24;-2;12;5;12;8
2015-02;-7;-7;-8;-8;-2;-1;2;3;1;4;9;10;1;6;7;5;7;5;1;-3;-7;-2;12;0;-9;4;-10;6;6;-3;-20;-14;-1;4;31;35;-44;45;-20;32;-35;-21;2;-6;9;4;-5;-1;;7;1;-13;-13;-16;-6;-5;-7;-8;-5;-6;2;2;6;8;1;0;-4;-3;-1;-1;-3;-10;-1;2;-2;-3;6;-24;-12;-2;7;4;6;8;6;2;8;13;6;20
2015-03;-3;-3;-6;-4;0;-9;4;7;8;11;18;18;16;13;16;18;24;23;-9;-11;-8;-12;8;-10;-9;4;3;6;15;0;-3;-17;22;2;32;88;25;-20;40;29;-47;-30;4;-7;11;6;-5;16;;-10;-1;-5;7;29;-7;-7;-10;-8;-5;-1;4;3;6;9;4;9;-5;-3;-1;-2;-4;0;-16;-10;-2;-8;-13;-12;-11;2;4;-7;6;5;-4;-3;8;7;14;7
2015-04;-7;-7;-8;-5;-2;-2;1;4;4;5;9;15;9;9;5;5;8;14;-27;-3;-11;-3;2;4;-9;0;7;5;-10;39;-27;-1;-10;7;-1;-6;15;-39;6;-59;15;100;-2;-6;1;-2;-4;-13;;3;-5;16;-2;-15;-6;-6;-8;-13;-7;-3;3;3;3;3;2;9;-6;-3;-2;-2;-4;-10;-4;-24;-27;-8;-3;4;-11;-4;1;-4;-1;7;19;-5;4;4;7;2
2015-05;-6;-5;-8;-11;-3;-7;1;3;2;5;10;7;3;7;5;7;16;20;-23;-2;-20;-8;13;-27;-10;-5;3;2;9;65;-19;-7;-2;13;-1;144;-41;19;-16;20;-41;-36;-7;-8;-4;5;-14;-12;;10;-4;-3;0;-5;-3;-4;-10;-11;-8;-20;5;3;5;4;7;-4;-7;-3;-3;-2;-4;-7;-14;-6;-4;-6;0;5;-14;-2;-3;-3;5;0;-16;-11;6;4;-4;20
2015-06;-8;-6;-6;-9;-7;-3;0;3;4;5;10;10;1;13;5;6;14;16;0;-7;-9;22;6;34;-3;2;0;-1;10;-12;-14;6;15;22;29;6;6;-15;9;6;7;-38;-1;-1;0;-8;-12;5;;10;4;1;-19;-5;-4;-3;-4;-9;-6;-7;2;3;8;4;5;5;-5;-1;1;-2;-2;-9;-1;8;-8;-8;-4;0;-9;-8;6;-2;-1;13;-7;-13;5;1;0;0
2015-07;-10;-8;-8;-10;-6;-7;-2;1;-1;0;8;3;5;4;2;2;10;6;-11;-4;5;-2;10;-11;2;-4;-2;5;-3;-28;17;0;3;6;40;35;15;17;3;-11;0;50;3;-2;1;4;-15;-13;;-4;10;31;6;-6;-5;-2;-7;-10;-6;-9;0;4;5;5;8;4;-7;-3;-1;2;-3;-9;-10;-5;-12;-16;5;-15;-20;-5;-5;-2;1;-10;-22;-11;1;0;3;18
2015-08;-10;-7;-8;-8;-5;-10;-2;2;1;5;6;6;4;9;4;5;12;9;-17;-11;-16;-7;25;6;-8;5;2;-1;9;-30;-33;-1;-3;13;33;0;56;77;9;59;-11;18;-3;9;13;13;7;3;;0;2;4;-4;-4;-5;-3;-7;-9;-11;-11;3;2;4;4;4;-2;-7;-2;-1;-3;-3;-9;-21;-1;-12;1;-17;-14;-17;-7;1;0;6;-6;19;-9;4;0;6;17
2015-09;-8;-7;-8;-8;-8;0;0;3;2;6;9;10;10;4;6;7;12;12;-16;-9;14;6;-8;13;2;7;15;4;32;4;-36;-6;0;3;14;46;33;0;16;-21;41;44;9;-1;17;9;-11;-3;;-12;-5;4;9;2;-6;-6;-9;-10;-5;-12;0;1;5;3;6;-4;-8;-5;-1;-2;-3;-14;-5;-15;-5;-6;-26;17;-12;-5;-3;-6;-6;-4;-2;-7;9;10;11;9
2015-10;-8;-7;-7;-7;-8;-3;0;2;1;3;9;10;-3;5;8;8;11;11;-13;-9;-1;-9;-7;-26;-2;1;7;3;9;32;90;6;2;-9;-12;35;-12;-36;-5;12;-14;-22;8;3;12;15;-1;2;;-2;1;8;-8;-11;-9;-9;-10;-14;-7;-16;3;0;2;3;9;-2;-11;-8;-3;-4;-2;-7;-15;-6;-8;-17;-21;2;-22;-14;-7;-5;-6;6;-8;-18;4;-6;8;4
2015-11;-10;-7;-8;-7;-6;0;0;1;2;3;12;7;-10;4;4;4;12;6;-21;-10;-10;6;-2;44;-3;4;0;31;20;43;40;14;4;2;12;6;2;-18;-45;-22;67;50;4;3;19;4;2;0;;-7;-1;16;-8;21;-6;-11;-12;-13;-10;-14;-2;-1;3;2;2;-5;-12;-8;-5;-6;1;-7;-17;-21;-12;-20;-14;-8;-20;-8;-5;-1;-7;-5;-10;-4;-3;2;8;14
2015-12;-12;-9;-8;-8;-7;-6;-4;1;0;3;8;10;4;5;3;5;9;6;4;-2;-12;6;21;-2;2;5;4;8;22;33;29;-24;0;19;2;6;74;-21;11;-17;50;-25;-2;-1;4;10;3;13;;-18;-7;9;-10;-10;-13;-8;-11;-10;-11;-12;1;3;4;4;0;-9;-10;-8;-4;-3;-1;-8;-14;-2;-13;-15;-7;-7;-13;-10;-9;-3;4;-5;-18;-5;-2;-2;1;-7
2016-01;-14;-13;-13;-13;-4;-9;-3;2;-2;0;6;7;-6;1;0;1;7;15;-9;3;3;2;10;-19;-3;5;-9;-1;8;39;4;-6;7;13;-2;31;-6;-7;21;-10;13;-18;-12;-9;1;-6;-14;-11;;-21;-6;12;-15;-8;-11;-11;-15;-14;-14;-17;4;-3;2;-1;6;0;-10;-9;-3;-7;-5;-13;-23;-11;-2;-16;-9;-5;-23;-18;-7;-6;-5;-2;-12;-14;-2;-4;-5;2
2016-02;-10;-5;-6;-7;-5;-4;-1;3;1;5;7;6;5;4;1;6;14;14;-17;3;4;-7;2;63;1;8;19;14;12;-10;-40;15;8;10;6;-17;40;-28;-18;-24;35;-45;-9;-7;-3;-3;-8;-9;;-34;-12;5;-8;-20;-7;-9;-13;-10;-10;-13;7;5;6;6;7;2;-5;-4;1;0;-1;1;-15;-7;1;-15;-12;11;-12;-7;-5;1;-1;-11;-21;-7;1;4;7;-4
2016-03;-14;-13;-12;-12;-10;-2;-3;-2;-4;0;2;4;-13;0;0;1;9;9;-11;-6;-4;15;20;30;-2;0;8;-6;-3;0;-39;7;-15;8;-3;-35;0;-25;-34;-28;113;-14;-8;-1;4;6;0;11;;-29;-7;12;-14;-9;-10;-7;-9;-11;-5;-17;8;1;4;4;7;1;-8;-5;0;1;1;4;-17;-6;-9;0;1;16;-19;-6;-3;6;1;3;-12;-3;3;6;10;17
2016-04;-13;-10;-10;-13;-8;-9;-4;0;-4;1;5;3;-11;-2;3;5;13;8;0;-5;2;-1;-12;8;8;-5;-5;4;14;-9;11;-11;16;15;16;13;57;0;-48;77;-35;-56;4;-7;-3;0;-14;-17;;-33;2;4;1;44;-11;-11;-12;-11;-6;-16;3;1;5;7;7;0;-9;-7;-1;-4;2;5;-17;-3;15;6;-10;-20;-18;-13;-6;-1;-1;-10;2;-4;-3;-1;0;2
2016-05;-14;-11;-11;-6;-7;-3;-4;0;-2;-1;5;5;-8;0;4;3;6;8;2;-15;0;-1;5;-2;-2;3;1;19;3;-23;0;-17;-2;1;20;-8;132;-12;-4;-27;60;0;-1;-4;2;-1;2;-3;;-34;-5;6;-11;3;-16;-15;-13;-13;-9;-10;5;0;2;5;3;1;-7;-6;-1;-1;0;-9;-21;-13;-7;-7;-13;-20;-21;-14;-6;-2;-5;2;-6;-5;-2;6;7;15
2016-06;-14;-9;-10;-10;-5;-11;-2;-1;-3;0;4;6;-10;1;3;4;6;10;-19;6;-12;-11;-9;-2;-15;-6;2;8;18;-7;44;-4;-6;-9;-5;3;19;-24;8;-33;-44;-20;-5;-10;0;-1;-13;-14;;-28;-8;1;-10;10;-13;-14;-15;-14;-8;-18;6;1;2;3;2;-1;-7;-8;-4;-2;3;-2;-16;-16;-2;-14;8;-14;-21;-12;-3;-6;2;-8;-9;-3;-1;4;3;8
2016-07;-14;-13;-15;-11;-9;-10;-5;0;-5;-2;0;5;-18;-1;0;-1;6;5;-7;-12;-24;-10;1;2;-4;-2;-3;-3;16;18;-39;-7;3;-1;-18;0;-24;-44;-22;-32;-33;-47;-5;-9;-4;2;-5;0;;-27;-12;-4;2;13;-12;-13;-13;-12;-11;-8;0;-1;2;3;0;-3;-6;-5;-3;0;-3;-8;-25;-7;-15;-1;-18;-16;-19;-14;-1;-6;-4;-9;15;-4;4;-2;3;-5
2016-08;-15;-10;-15;-14;-10;-4;-5;-1;-5;-3;1;-1;-11;-6;-3;-5;1;0;-2;-5;-11;-8;-12;0;-4;3;-4;6;-8;39;50;1;3;-9;-1;21;-11;-28;-32;-4;-38;0;-2;-13;-8;-16;-18;7;;-26;-2;9;1;23;-11;-11;-11;-11;-5;-15;0;2;3;3;4;3;-5;-3;1;0;4;-1;-22;-17;-5;-30;2;12;-17;-11;-6;1;-4;7;-23;2;0;5;10;12
2016-09;-19;-16;-18;-17;-9;-15;-7;-5;-9;-10;-6;-1;-12;-6;-11;-14;-5;-6;-1;-6;-7;0;2;-18;-15;-6;-8;-3;-16;11;-22;2;0;-3;-5;-31;-16;-14;-33;-34;-32;0;-10;-15;-10;-8;-9;-21;;-39;-4;5;0;3;-11;-10;-14;-12;-11;-9;2;2;2;4;5;6;-3;-4;-1;1;2;7;-20;4;10;-12;-4;-14;-23;-13;-7;-4;1;-1;-20;0;-5;-5;3;2
2016-10;-17;-13;-18;-16;-11;-6;-8;-4;-9;-9;-6;-1;-12;-3;-13;-16;-9;-9;-5;-6;-20;-8;-9;-2;-8;-6;-6;6;-17;-29;32;-7;-1;4;2;-48;45;38;-20;-46;11;-71;-8;-11;-8;-15;-15;-19;;-39;-6;-6;-2;13;-7;-10;-15;-9;-8;-4;1;0;3;2;-1;4;-2;-3;0;1;2;-5;-31;-23;-8;-13;-16;-25;-19;-13;-4;-12;-6;-3;-4;5;1;-1;-6;-4
2016-11;-16;-15;-17;-17;-13;-6;-10;-7;-13;-13;-6;2;-9;-4;-14;-18;-12;2;-1;3;5;-6;8;-17;0;-3;5;-11;5;10;-5;-2;-3;4;8;-16;6;57;-10;3;-34;-50;-2;-7;-6;3;-12;1;;-36;-6;-1;21;11;-11;-9;-10;-9;-7;0;2;2;4;3;6;-2;0;-3;1;4;-1;7;-16;3;-3;-13;-1;-2;-18;-11;-4;-1;-3;8;-10;-9;5;3;3;-1
2016-12;-19;-13;-16;-16;-17;-12;-7;-7;-12;-11;-8;-4;-2;-5;-12;-15;-11;-10;-28;-12;-7;-16;-15;5;-7;0;4;-3;-10;-57;-7;24;2;-7;10;-32;24;4;-39;3;13;-22;1;-8;-6;-4;-9;-18;;-37;-8;-2;8;24;-9;-14;-14;-13;-11;-7;-2;0;1;1;5;13;2;-2;2;-1;4;-2;-25;-18;-5;-2;-16;-10;-23;-13;-5;-11;-2;-1;1;-5;5;-4;5;14
2017-01;-14;-11;-14;-12;-12;-5;-7;-6;-9;-9;-5;-4;-16;-2;-6;-9;-4;1;-4;-13;-17;-10;-3;13;-7;-5;2;2;-4;-23;-27;14;-10;-13;-2;-42;27;22;-44;-14;-31;22;8;-8;1;0;-10;4;;-31;-2;4;17;14;-8;-10;-9;-10;-9;-13;7;6;5;6;3;7;2;0;3;6;5;0;-20;-5;-11;-16;-4;-16;-20;-9;-7;-8;-2;-2;0;-2;2;4;7;10
2017-02;-15;-13;-14;-13;-11;-7;-7;-5;-7;-7;-2;-4;-21;-3;-5;-10;-3;1;-15;-16;-9;-3;-14;-25;-11;-7;-15;-2;2;14;25;-10;-1;6;3;14;20;19;17;-12;-59;83;8;-2;-1;-1;-7;4;;-35;1;5;-7;5;-11;-14;-12;-14;-10;-16;4;-2;-1;0;3;-1;-6;-8;-4;-4;-4;-9;-25;-27;-29;1;-15;-14;-25;-13;-10;-10;-10;8;-24;-11;-1;-9;2;-10
2017-03;-13;-4;-7;-8;-6;2;0;2;0;0;5;6;-1;5;1;2;7;7;-2;3;-10;-7;4;-7;-8;5;-5;18;13;3;29;-14;2;11;9;28;26;53;-39;0;12;33;-1;-11;-9;-10;-19;-22;;-15;-5;-2;-3;23;-6;-14;-13;-12;-11;-8;3;2;0;1;5;1;-2;-4;0;-1;5;-12;-20;-6;-12;-20;-11;-5;-22;-14;-11;-9;-8;-2;-17;-13;-1;-8;-3;-8
2017-04;-11;-10;-8;-10;-7;1;-1;0;-1;-2;6;3;-2;4;1;-1;7;4;-21;0;-8;7;17;-16;-3;9;19;16;8;24;5;3;-6;-4;7;6;-11;-42;-12;30;7;43;-4;-4;-9;-9;-12;-8;;-29;-1;-3;5;-24;-7;-9;-10;-9;-11;-4;8;0;3;3;1;-5;1;-2;0;4;0;-7;-26;-17;-17;-25;-8;8;-25;-12;-5;-8;-4;-13;-30;-5;-2;-3;3;9
2017-05;-10;-7;-5;-10;-4;0;2;5;3;6;11;11;0;7;4;6;13;10;-21;8;-8;-6;16;-4;6;4;10;3;25;-3;-33;15;-1;2;7;3;11;-32;-58;23;-75;-57;5;-8;-5;1;-7;-3;;-17;-1;12;6;23;-3;-6;-5;-10;-3;-6;8;2;4;4;7;13;3;-2;3;2;6;-3;-22;-2;-18;-18;-2;-12;-11;-7;0;-2;2;-4;-8;3;-1;-5;2;-1
2017-06;-9;-6;-6;-6;-2;5;0;6;5;6;12;12;-7;5;6;5;15;11;-6;-4;1;4;4;13;14;0;-2;6;-5;33;-12;-4;-9;10;7;15;7;23;-46;-4;44;-25;-3;-4;-6;-3;-3;-4;;-17;0;7;22;-19;-5;-8;-8;-12;-8;-3;7;1;2;5;9;4;1;-3;4;2;-1;7;-21;-11;-15;-8;-19;-9;-14;-5;-13;-5;0;-5;-23;-2;7;-1;9;4
2017-07;-13;-7;-5;-7;-2;2;1;4;5;7;15;8;1;7;7;6;16;13;-2;-9;2;13;-16;19;4;3;10;12;19;3;41;-3;14;-3;0;44;34;-5;4;76;-8;-13;2;-3;-1;-6;-6;18;;-28;-13;-3;-3;-8;-4;-11;-7;-8;-7;-9;12;2;2;3;6;7;1;-5;3;-1;3;7;-15;-9;4;-12;12;-3;-12;-9;-5;-8;0;-4;-35;-4;-5;2;3;9
2017-08;-9;-5;0;-1;3;1;-1;4;8;7;16;18;-6;11;11;11;21;24;-13;-16;3;-3;0;2;-4;-2;6;4;15;22;-27;-20;-11;9;4;-26;20;-36;-27;-8;40;8;12;1;6;24;1;-19;;-23;-2;3;15;-30;-1;-6;-7;-8;-8;0;13;0;6;5;6;0;3;-3;2;3;3;0;-25;-6;8;3;-10;-23;-14;-8;-2;-7;4;-15;-25;-7;1;-3;-5;-9
2017-09;-9;-7;-2;-2;-1;-1;-2;4;6;10;16;13;-6;3;11;15;20;22;-16;3;-13;-19;-1;33;3;-4;11;-4;24;13;43;-25;-3;7;7;26;23;8;-21;28;0;-23;9;-4;-3;7;1;-1;;2;-18;3;-6;-8;-1;-9;-7;-11;-2;-8;7;-1;-1;2;4;0;-1;-6;2;-1;-1;-4;-31;-11;-16;-10;3;-9;-18;-10;-6;-7;-2;-14;-12;-7;-2;-1;-10;-2
2017-10;-9;-7;0;-1;4;6;0;5;8;16;21;18;7;8;14;21;28;27;-23;-3;3;1;20;-6;-11;2;9;1;24;-3;-40;-3;2;5;-1;58;22;10;14;15;-14;225;-4;-1;0;10;-6;10;;-10;-12;-3;0;3;-2;-7;-6;-10;-9;-6;5;0;2;3;6;3;-1;-4;2;-3;3;5;-16;0;0;0;7;2;-15;-6;-2;5;-2;-2;-28;-2;-2;-3;11;13
2017-11;-8;-3;2;4;5;3;3;9;14;21;28;17;6;11;21;34;39;29;-13;-19;-9;-11;6;-1;-11;-1;-1;17;11;-39;-30;-9;-4;12;9;109;19;-8;-11;-14;-22;-11;-5;-7;-9;1;-10;-20;;5;-11;-7;-7;-31;-3;-7;-4;-6;-7;-16;6;-1;2;2;3;16;0;-4;1;-1;2;-7;-14;-2;-3;-6;-6;-34;-14;-10;-2;-10;8;-15;-24;-4;-1;-1;5;17
2017-12;-6;-4;2;3;10;12;-1;6;10;14;22;21;-17;7;11;19;30;29;-1;-8;-14;6;-1;-23;-9;-3;-1;5;13;23;-44;-8;-5;-8;-20;92;-25;50;16;3;-56;43;2;0;1;-2;-8;2;;12;-8;2;-4;-27;-2;-6;-3;-8;1;-19;5;-3;1;0;3;-4;-3;-6;0;-1;0;-4;-8;-11;0;-4;-8;-8;-10;-5;0;-2;-2;-15;3;-1;-1;6;4;-5
2018-01;-8;-3;4;2;4;8;2;8;11;16;24;20;3;8;15;18;31;17;-13;-7;13;8;18;8;-7;6;12;11;26;17;26;-13;6;8;20;59;16;-36;-21;-4;22;0;6;5;3;18;18;-7;;-3;-6;3;10;-28;-4;-10;-8;-9;-5;3;4;-2;0;0;6;4;-5;-7;-2;0;2;4;-13;-9;10;2;-14;22;-15;-7;2;6;0;-12;-13;3;-4;3;2;-11
2018-02;-13;-5;-5;-2;0;-3;-4;2;4;8;12;17;5;2;4;10;21;15;-3;-3;-1;-6;18;-12;1;-6;4;1;-24;-9;-33;-15;-11;-8;5;-24;26;-16;-44;18;27;0;1;-2;-2;6;0;-7;;7;-11;6;28;-5;-6;-11;-8;-13;-10;-9;-1;-4;-2;-4;-1;2;-6;-9;-3;-6;-1;-4;-21;16;20;-16;2;-16;-13;-9;2;0;3;-26;-18;7;6;6;11;14
2018-03;-15;-10;-6;-4;-1;-4;-6;-1;-1;4;10;9;-7;-2;0;2;11;15;-31;-12;-13;-11;-14;-16;0;-5;-2;2;-15;19;-18;5;-10;-7;-3;-10;5;0;43;-35;-42;-25;10;-4;2;1;1;-22;;14;-13;1;8;18;-9;-11;-9;-11;-11;-7;-1;-4;-2;-2;-3;-1;-8;-12;-4;-4;-6;0;-16;-18;8;-11;-13;-20;-13;-7;3;-1;1;-8;-18;0;2;3;1;-4
2018-04;-10;-4;-3;-1;3;-2;-1;3;4;11;15;12;-9;3;3;9;14;18;-9;-13;1;-9;3;17;-6;-12;-16;6;8;-8;-14;-3;1;-5;-4;0;38;200;67;-20;-38;-20;-5;1;7;7;19;-2;;19;-11;3;-7;3;-7;-9;-6;-9;-6;1;0;-1;-2;-2;6;5;-8;-11;0;-5;3;-6;-20;6;6;4;3;-5;-7;-4;3;3;7;6;-9;-5;9;7;3;1
2018-05;-12;-6;-8;-4;-1;-6;-4;-1;0;1;8;13;-5;3;-1;3;12;19;-8;-12;-13;-3;0;22;-14;-4;-2;-1;-15;19;20;-11;6;-11;0;11;-12;133;45;-63;150;33;3;-4;4;-2;1;-17;;-5;-11;-8;12;-4;-8;-11;-9;-5;-13;-2;0;-3;-2;-2;1;-4;-8;-10;-4;-5;-1;4;-15;7;9;12;0;-1;-21;1;2;3;2;-6;11;1;18;5;9;2
2018-06;-13;-10;-8;-6;-4;1;-5;-4;-4;0;4;5;-3;-3;-5;-3;5;4;-10;-10;-12;-3;-2;0;-12;6;6;11;10;-39;-17;-6;6;-5;3;-22;4;88;29;-4;-15;-33;15;-3;1;6;1;-24;;-21;-16;4;17;29;-12;-13;-11;-13;-10;-9;-3;-5;-2;-2;-3;5;-10;-10;-6;-4;0;-9;-33;10;9;7;9;-7;-9;-3;6;10;0;-1;-8;-8;0;3;7;-10
2018-07;-9;-7;-5;-5;-3;8;-4;-2;-1;2;6;9;-8;-2;-5;0;7;15;-26;-6;-3;-11;22;-13;-8;-2;-3;2;-1;3;-17;7;-11;7;22;23;34;89;-8;-40;82;-43;4;1;4;9;-2;-24;;12;-8;4;0;0;-7;-9;-10;-10;-7;-1;-4;-3;-1;-2;1;1;-10;-9;-4;-2;0;-2;-30;-4;9;3;-10;3;-22;-6;-3;0;0;6;-15;8;3;5;5;-5
2018-08;-10;-11;-7;-4;-8;5;-3;-1;-1;3;8;11;-5;3;-1;4;9;14;0;6;-7;-5;-1;-20;0;7;10;7;25;18;36;4;-2;-6;6;96;-8;38;16;0;-10;-50;1;0;3;-1;9;-18;;7;-18;3;18;7;-14;-15;-13;-16;-10;-7;-6;-5;-5;-2;6;0;-14;-14;-5;-6;-6;-4;-20;9;-7;-1;12;19;-21;-1;2;9;-5;2;-11;0;6;5;11;12
2018-09;-13;-7;-8;-4;-2;3;-2;-1;0;3;9;9;-11;3;-3;1;6;12;-18;-2;-10;6;-7;-15;-6;7;11;15;6;20;10;20;-3;6;12;-25;-10;92;26;-19;-27;-50;-4;4;4;5;-4;-17;;2;1;2;6;14;-13;-9;-8;-12;-8;-5;-8;-4;1;-4;-1;2;-11;-9;-5;-5;-1;-7;-9;-2;8;5;2;-12;-14;0;2;3;1;-8;-5;1;2;2;15;4
2018-10;-11;-7;-5;-4;-4;-2;-1;1;1;3;9;13;-5;6;4;4;14;16;3;4;5;1;-12;56;11;5;3;10;8;75;-13;-4;5;-14;19;5;-31;38;-3;-3;39;-46;7;-3;6;7;-4;-13;;16;-13;16;19;-18;-12;-12;-6;-12;-7;-9;-6;-3;0;0;2;0;-12;-10;-6;-3;-5;-3;-12;4;21;12;1;-17;-11;7;3;6;12;-3;3;-2;7;16;13;7
2018-11;-12;-8;-5;-6;-1;-4;-2;0;2;1;3;12;-7;0;-2;0;7;14;-18;-3;-3;-2;5;-31;-6;2;3;-4;12;19;-7;-13;3;-5;5;-25;13;9;-16;-3;-22;-13;7;0;3;-1;11;-4;;4;-17;7;14;15;-12;-16;-15;-17;-9;-4;-5;-5;-3;0;1;-5;-15;-12;-6;-5;-4;-6;-21;1;18;21;2;10;-11;4;0;7;1;5;-4;3;4;2;-1;-7
2018-12;-10;-9;-8;-8;-6;-10;-2;-1;-2;1;4;7;0;1;-1;-1;6;15;-10;-7;6;-10;2;41;6;-2;6;5;23;19;43;-19;-5;3;22;-16;42;11;36;-34;25;-40;-4;-5;-3;9;3;-11;;-2;-13;2;5;6;-12;-14;-12;-15;-16;3;-4;-3;-2;-1;1;4;-14;-13;-5;-6;-4;-6;-13;19;9;-7;20;-18;-24;4;-1;8;5;16;-31;3;1;4;3;5
2019-01;-12;-7;-6;-2;-4;-1;-4;-1;1;2;5;9;-5;1;-4;1;3;14;-27;4;-12;9;-18;23;-4;1;-4;-3;11;3;-25;1;-3;12;-1;11;-2;71;80;22;-41;-36;-4;-3;0;0;-5;-20;;16;-13;-3;6;13;-7;-8;-5;-10;-8;-3;-6;-4;0;1;0;-2;-9;-7;-3;-3;-3;-7;-26;4;-3;8;6;-18;-10;-2;1;4;11;10;-20;-7;10;5;10;20
2019-02;-9;-10;-3;-4;-4;2;0;1;2;3;9;12;2;1;2;3;7;22;-26;-8;-13;-6;-6;-2;-10;6;7;7;26;34;100;9;-2;7;7;52;-19;19;-53;-42;-50;-27;-4;2;-3;5;0;-9;;5;-10;6;-5;-26;-7;-7;-5;-9;1;8;-3;-1;2;3;3;3;-7;-6;-2;1;-1;2;-14;-7;-3;13;-6;-1;-12;-4;-2;9;0;19;4;-10;1;2;1;3
2019-03;-8;-8;-6;-5;-6;-6;-3;-1;0;-1;2;8;-10;1;-3;-3;0;7;-2;-13;14;6;3;17;-8;-1;5;-3;15;32;-6;-6;8;-10;19;30;11;-4;-10;35;27;0;-6;2;-9;15;-3;3;;2;-15;-2;9;-24;-6;-8;-2;-12;-2;3;-6;-2;1;1;7;7;-7;-4;-2;0;0;-2;-33;1;-3;15;7;-9;-20;-4;-1;8;0;1;-31;-9;-2;1;6;5
2019-04;-14;-10;-8;-8;-9;-1;-6;-3;-3;-4;-1;10;-3;-1;-4;-5;-3;14;-10;-1;-8;-9;2;-26;-19;3;12;-2;17;12;58;-3;-8;5;-10;11;-24;-24;-24;-21;20;-25;8;-7;0;5;-2;-19;;-12;-22;1;14;5;-6;-8;-7;-10;-7;-11;-6;-5;-1;1;1;10;-8;-5;-4;-1;0;4;-20;-15;0;-4;-9;-12;-22;-3;-7;1;-2;-9;14;0;-6;4;5;11
2019-05;-15;-12;-8;-9;-9;2;-7;-3;-3;-2;0;6;-14;-7;-5;-1;-1;9;-21;-9;3;-1;-20;-4;-7;-6;-7;8;6;-8;-38;-21;-11;12;5;20;86;29;63;110;-20;75;-2;7;-6;14;6;7;;-1;-12;11;13;4;-4;-9;-6;-14;-1;-2;-8;-4;-1;1;5;2;-9;-7;-3;-4;-1;1;-22;-15;-2;-3;-15;-16;-17;-10;-7;-5;-3;-5;-9;-8;-6;10;3;-3
2019-06;-13;-10;-7;-9;-6;-5;-8;-2;-3;-2;1;8;-5;-3;-3;-3;0;7;-24;-7;-14;-19;6;10;-9;-9;0;-4;-7;27;21;-5;6;-13;-11;6;-4;-7;17;-5;-18;0;-6;6;-4;11;8;5;;25;-3;-7;-1;4;-5;-9;-4;-5;-5;8;-8;-5;-2;-1;3;-5;-10;-7;-1;-4;-5;2;-21;-23;-17;-11;-16;-2;-24;-11;-6;-7;-8;-15;-23;-2;0;-2;-3;2
2019-07;-16;-9;-9;-9;-5;-9;-6;-1;-2;0;4;10;-6;-2;0;2;5;9;-8;4;-14;5;-2;6;-21;-5;2;-9;12;-17;-15;-17;-4;-10;12;-10;-2;47;25;39;-15;-75;-5;-3;-5;2;2;-11;;-23;-14;-7;10;-27;-7;-4;-5;-9;-1;-2;-4;-5;1;2;7;1;-10;-7;-2;-5;-2;6;-15;-23;-19;-16;-20;-27;-9;-2;-4;2;-2;-4;-18;-14;-2;2;1;12
2019-08;-15;-7;-7;-7;-4;-4;-8;-2;-3;-1;1;9;-8;-6;-5;-4;0;10;-43;-21;-26;-14;5;36;-17;-9;-10;-3;-14;9;-20;-9;2;0;5;-14;22;38;-27;-4;-26;14;-14;-12;-19;-7;-25;-14;;7;-17;-10;-20;-8;-5;-6;-3;-4;1;-1;-4;-4;1;3;1;15;-9;-4;-3;-1;-1;1;-14;-28;-21;-11;-28;-9;-9;-13;-8;-11;-6;-4;-21;-7;-7;-3;-3;-9
2019-09;-10;-6;-5;-8;-6;2;-4;0;-1;1;4;7;-9;-3;-1;1;5;15;-22;-25;-4;-6;1;-5;-14;-10;-10;-4;-12;7;5;-19;-1;-2;2;64;0;-42;-46;-19;-26;0;-5;-6;-13;-5;-2;-9;;8;-13;-5;4;-36;-3;-8;-7;-8;-6;-3;-2;-4;0;3;3;2;-11;-5;0;1;-3;6;-30;-17;-8;-12;-21;-11;-17;-15;-8;-7;-4;3;-13;-6;-2;5;-1;5
2019-10;-14;-6;-9;-6;-7;-3;-6;-3;-3;-4;-1;2;-16;-10;-8;-4;-5;10;-31;-29;-22;-19;-3;-41;-20;-16;-13;-1;-4;-4;100;-5;-9;8;-8;30;7;11;-10;-7;-20;29;-13;-6;-19;-5;9;-19;;-2;-14;-5;3;25;-10;-10;-9;-9;-7;2;-6;-5;-1;0;-1;6;-10;-9;-4;1;-1;-10;-36;-25;-29;-17;-10;-7;-21;-19;-14;-8;-13;2;-10;-6;-4;-2;-10;-8
2019-11;-15;-9;-11;-9;-10;-3;-9;-4;-6;-4;-4;3;-12;-5;-4;-4;-3;6;-25;-27;-15;-8;-15;41;-21;-9;-11;-4;-13;19;15;13;-10;-8;-17;-6;-16;50;-10;-37;-14;14;-12;-11;-16;-5;-4;-22;;0;-2;-4;-6;-16;-7;-5;-4;-6;-8;4;-8;-6;-1;1;3;-1;-9;-7;-3;-2;-1;5;-34;-31;-31;-26;-25;-18;-22;-14;-11;-13;-7;-9;-17;-11;-2;1;-2;-7
2019-12;-18;-12;-8;-8;-10;-2;-8;-2;-1;-2;-1;8;-16;-5;-3;-2;-2;9;-33;-13;-22;-10;-1;-19;-22;-6;4;-3;-13;16;0;2;-16;5;8;26;-38;5;-30;29;-13;-17;-10;-13;-19;-9;-11;-29;;-31;-11;-4;-2;8;-7;-9;-4;-8;-3;-11;-6;-6;-1;1;-2;3;-9;-8;-5;1;-4;5;-38;-25;-24;-21;-23;0;-17;-20;-10;-4;-10;-15;8;-15;-6;2;0;13
2020-01;-19;-16;-10;-14;-13;-12;-9;-3;-4;-5;-2;3;-10;-5;-4;-6;-4;3;-20;-20;-7;-24;26;-33;-12;-18;-4;12;-7;31;0;-1;-9;-8;11;15;-30;-11;-52;-21;-8;-71;-11;-12;-16;-9;-8;-12;;-16;-9;-9;2;-4;-11;-5;-6;-7;-4;-8;-9;-5;-1;1;4;2;-12;-10;-5;-4;-2;7;-17;-25;-14;-21;-14;-19;-18;-11;-12;-5;-12;-1;-20;-5;-5;1;1;5
2020-02;-17;-11;-9;-11;-8;-1;-9;-3;-3;-3;-2;4;-25;-2;-6;-6;-6;-1;-29;-11;-9;-16;-18;5;-21;-8;-3;-6;7;10;-40;-8;6;-7;10;-8;-19;-12;43;-13;100;-63;-8;-14;-11;-9;-10;-11;;10;-8;-9;6;31;-7;-8;-10;-5;-10;10;-8;-2;0;3;3;2;-13;-7;-3;-3;-2;2;-34;-21;-14;-22;-26;-14;-17;-10;-3;-12;-6;-6;-36;-4;-6;3;1;-5
2020-03;-19;-14;-10;-10;-10;-3;-9;-4;-1;-2;-1;5;-11;-5;-1;0;3;6;-45;-20;-27;-17;-13;-13;-33;-22;-11;3;29;-46;0;-16;-15;6;-5;-25;-37;-9;-50;-39;-14;-33;-14;-9;-11;-7;3;-24;;-13;-13;-8;-2;-25;-12;-7;-13;-9;-12;-14;-8;-8;-4;-2;-5;-8;-13;-11;-7;-6;-9;-2;-19;-10;-13;-27;-22;-10;-14;-14;-14;-14;-4;-9;2;-2;-9;3;0;10
2020-04;-15;-13;-9;-9;-8;-3;-7;-1;-1;-2;1;6;-18;-4;-1;-1;1;6;-39;-18;-21;-12;-5;20;-9;-16;-14;-8;-8;5;-43;-36;-2;-1;4;-5;-20;-24;-53;-5;17;-67;-12;-4;-12;-1;-18;-25;;13;-8;-5;6;-15;-9;-9;-10;-15;-11;-8;-8;-3;-3;0;1;-6;-14;-11;-9;-5;-9;-8;-37;-18;-15;-7;-14;-14;-12;-11;-5;-9;-9;1;-53;-14;-6;0;-3;-6
2020-05;-16;-10;-9;-5;-10;-5;-8;-3;-2;-3;0;2;-16;-2;-3;-7;-5;-1;-29;-12;-17;-5;11;6;-20;-7;-2;5;7;43;0;6;-15;-13;1;6;-49;-62;-81;-48;38;-29;-6;-8;-9;-10;3;-21;;23;-10;-11;-22;-40;-11;-11;-8;-8;-14;0;-5;-7;-1;-2;-2;6;-14;-10;-9;-4;-8;-6;-38;-26;-15;-16;-18;10;-15;-16;-9;-4;-8;-4;-21;-15;-10;-7;-7;-8
2020-06;-14;-12;-8;-8;-13;-1;-6;-2;0;-3;1;5;-8;-3;-2;-1;1;12;-39;-28;2;2;-20;-11;-12;-5;-3;-11;8;96;-30;-25;-25;13;13;19;-30;-21;-67;-43;22;25;-9;-13;-11;-6;-6;16;;7;-18;9;4;-17;-10;-7;-11;-12;-5;-13;-6;-3;-1;0;1;5;-11;-9;-7;-1;-3;-10;-22;-21;11;-7;-23;5;-16;-12;-8;-2;6;6;9;-11;-10;4;-3;4
2020-07;-9;-9;-6;-7;-11;-7;-7;-2;-1;-4;-2;5;-16;-3;-2;-6;-4;11;-45;-19;-18;-28;-7;-7;-9;-5;-11;13;-4;48;-18;-19;-14;8;-8;9;-15;-48;-70;-56;-47;400;-6;-4;-8;-1;2;-1;;35;-3;-3;-3;0;-13;-13;-12;-11;-14;-10;-8;-4;-4;0;-4;-3;-10;-8;-6;-2;-4;-12;-28;-7;-24;-6;-15;12;-21;-16;-8;1;-5;-13;-9;-12;-7;-1;-5;-8
2020-08;-13;-13;-11;-10;-13;-7;-6;-4;-2;-6;-5;2;-17;-3;-2;-6;-6;4;-25;-16;15;-6;-1;12;-11;-13;-5;-2;-4;-26;-50;-16;-10;-4;-3;-12;-19;-10;-38;-22;-29;-38;-5;-3;-3;-1;27;-16;;6;-5;1;21;18;-10;-9;-8;-11;-12;-9;-9;-4;-5;-4;-7;-16;-12;-8;-9;-5;-3;-3;-33;-11;2;-16;3;-21;-19;-10;-12;-3;-7;5;-30;-18;-10;1;-7;0
2020-09;-14;-12;-5;-7;-8;-7;-6;-3;1;-5;-2;8;-6;0;0;-2;-2;3;-42;-13;-16;-17;1;-9;-23;-16;1;6;8;-4;0;-17;-24;-8;-16;-6;2;7;15;-33;7;0;-4;-1;4;13;8;-9;;-2;-6;1;16;12;-12;-11;-7;-9;-9;2;-4;-4;-4;-2;-2;-5;-11;-9;-9;-5;-1;-6;-28;-33;-16;-11;-7;-16;-12;-8;-9;0;-5;3;-30;-17;-8;-3;3;0
2020-10;-13;-14;-10;-11;-10;-6;-8;-3;-2;-4;-1;5;-11;1;-1;-3;-1;0;-39;-16;-8;0;-10;67;-33;-13;-5;6;2;13;-65;-27;-17;-10;4;10;9;-16;-64;-48;-15;-67;7;1;-5;1;13;4;;7;1;-1;15;-20;-5;-6;-5;-10;-2;-7;-8;-5;-4;-4;-1;-10;-11;-7;-7;-6;-4;8;-34;-19;-5;-23;-13;6;-12;-1;-3;-2;4;-14;-28;-17;-10;-5;-2;-3
2020-11;-12;-14;-7;-10;-10;-8;-5;-2;0;-4;1;3;-14;1;-1;-4;-3;2;-39;-19;-19;-24;-15;-15;-25;-10;5;-1;10;32;-13;-37;-8;-8;8;-19;-2;-24;-16;-42;67;-50;10;7;3;11;6;22;;14;-17;-6;9;7;-5;-7;-5;-9;-3;-8;-1;-4;-4;-5;-5;-9;-12;-8;-7;-3;-6;5;-36;-3;2;2;-2;-3;-19;-9;-3;3;-7;5;-14;-7;-7;0;3;-13
2020-12;-7;-6;-7;-8;-7;2;-4;2;1;-4;-1;0;-4;1;1;-6;-6;-7;-36;-27;1;-15;-25;-40;-25;-8;-20;-8;-2;-16;-45;-17;-12;-1;-5;-6;39;-10;-19;-48;15;-40;10;8;9;7;11;14;;80;-6;-1;16;-32;-7;-3;-7;-7;-12;3;-6;-6;-5;-5;-6;-13;-14;-6;-6;-8;-4;-11;-30;-10;-5;1;-11;-15;-16;1;-5;-6;-5;-7;-42;-22;-12;-10;-12;-22
2021-01;-6;-5;-9;-7;-6;0;-3;-1;-2;-6;-4;5;-18;-7;-3;-6;-8;-3;-37;-38;-29;-11;-24;0;-30;-13;-13;-19;-6;-26;-39;-18;-13;-15;-30;-20;-2;-19;-23;-27;9;51;-1;-4;-14;-3;-1;-7;;20;-20;-9;-9;-20;-4;-13;-11;-16;-12;-14;-17;-15;-16;-13;-14;-19;-16;-13;-14;-11;-17;-20;-48;-18;-15;-8;-24;-15;-26;-17;-11;-14;-16;-10;-49;-31;-24;-12;-21;-36
2021-02;-7;-9;-6;-6;-9;-2;-3;-1;-1;-7;-2;1;-16;-4;-1;-7;-5;3;-38;-41;-16;-4;-1;-23;-20;-11;-6;0;3;-23;-17;-26;-17;-13;-10;0;1;23;51;-23;-28;67;-17;-5;-10;2;3;-19;;-2;-15;-13;-6;-8;-7;-11;-12;-15;-15;-19;-17;-17;-15;-11;-11;-15;-15;-14;-13;-9;-12;-13;-33;-29;-9;-14;-23;-17;-28;-14;-23;-14;-12;-3;-46;-36;-19;-13;-14;-10
2021-03;-5;-5;-5;-10;-6;2;-2;1;-2;-5;-2;8;-19;-6;-2;-6;-4;8;-26;-20;4;-8;-15;6;-22;-1;5;-5;-19;37;12;-13;-16;-10;-1;31;4;21;-11;-28;-8;-24;2;1;-5;-2;2;3;;8;-3;1;10;-3;-4;-8;-6;-10;-5;3;-12;-9;-9;-8;-3;-3;-12;-9;-9;-3;-2;-2;-31;-16;-12;20;-5;-19;-22;-17;-10;-12;-16;-14;-30;-30;-20;-10;-17;-20
2021-04;-11;-7;-8;-7;-5;-7;-3;-3;-1;-7;-4;4;1;-6;-3;-4;0;1;-33;-30;-3;-1;-18;6;-30;-11;-9;-13;1;28;-12;16;-21;-17;16;10;35;27;-11;-44;-7;50;0;1;-11;3;1;9;;3;-9;3;5;-15;-3;-8;-8;-3;-5;1;-12;-14;-10;-11;-14;-11;-11;-9;-10;-5;-5;0;-30;-12;-13;-17;-14;-8;-36;-18;-13;-9;-7;-10;-23;-24;-20;-9;-7;-9
2021-05;-8;-7;-6;-11;-6;-3;-2;-1;0;-5;-2;2;-6;-2;1;-1;2;13;-51;-28;-18;-22;-12;-7;-24;-15;2;-18;-1;-18;-7;-5;-3;1;4;-15;25;13;101;-9;-45;40;-14;-1;-6;1;-8;-20;;-1;-19;-13;38;7;-1;-2;-2;-8;-3;-6;-12;-7;-9;-8;-10;-8;-9;-5;-6;-3;-6;-5;-13;-13;-20;-3;-14;-9;-35;-9;-15;-7;-4;-14;-22;-26;-14;-12;-6;-3
2021-06;-13;-9;-8;-10;-6;-15;-3;-1;-1;-4;-3;1;-27;-2;1;-4;1;7;-14;-15;-18;-10;6;20;-22;-13;-8;4;12;-27;-13;3;5;-6;3;18;21;42;130;-25;-8;-39;-9;-3;-10;2;1;-30;;13;-6;-20;2;13;-1;-6;-6;-1;-6;5;-11;-8;-6;-2;-1;1;-8;-6;-4;-2;0;2;-31;1;-11;-12;13;-31;-31;-15;-11;-5;-11;-3;-44;-27;-17;-2;-5;2
2021-07;-17;-13;-8;-9;-10;-6;-4;-2;-1;-5;-3;1;-14;-4;1;-2;-1;3;-5;-19;5;1;-7;-25;-23;-7;-3;-5;4;-14;14;12;-1;0;-3;2;-26;0;-33;-9;-11;1;-11;-6;-10;-4;1;-25;;1;-7;8;19;23;0;-1;0;-5;-7;1;-12;-8;-5;-4;-3;-2;-10;-5;-6;-4;-1;0;-31;-10;15;2;2;-29;-20;-10;-5;-4;-5;7;-61;-18;-14;-2;7;-4
2021-08;-16;-12;-8;-12;-4;-5;-2;2;2;-1;1;3;-11;-3;3;1;6;10;-33;-14;-6;1;-13;-19;-24;-7;7;3;11;24;83;-13;-12;0;-6;14;-15;20;1;-33;-39;62;-4;-3;-13;-3;-12;12;;5;-1;-5;10;-12;3;-1;-5;-8;-6;-7;-11;-8;-4;-2;0;7;-8;-6;-6;-2;-4;-1;-27;4;-16;6;-25;11;-33;-13;-5;2;1;-6;6;-10;-3;5;6;7
2021-09;-18;-13;-11;-12;-8;0;-2;0;1;-2;1;3;-20;-3;0;-2;0;12;-8;-16;0;-7;4;28;-10;0;-3;-8;-2;-5;-9;6;19;-2;19;8;17;26;20;14;-47;-19;-9;-1;-13;-8;-4;5;;16;-6;-12;-8;0;-4;0;-1;-7;-6;-15;-9;-3;-2;0;1;2;-6;-1;-4;-1;0;-7;-34;-15;-11;-11;-6;9;-25;-4;0;1;-4;-2;-18;-7;-5;4;-1;8
2021-10;-18;-10;-5;-9;-4;-2;-1;1;4;-1;1;7;-16;-4;3;0;1;8;-27;-5;-10;-14;1;-26;13;5;8;-6;0;-13;78;5;1;5;16;5;15;10;111;1;-41;136;-2;-2;1;4;-6;-6;;-11;-4;-11;0;-25;0;-4;-4;-7;-14;-3;-3;-5;-4;-1;-1;6;-7;-3;-5;-4;-5;-9;-24;-19;-19;12;-7;-13;-12;-14;-3;-7;-3;3;-8;-10;-4;3;4;17
2021-11;-25;-20;-12;-14;-17;-10;-4;2;6;-2;0;11;-30;-2;5;-1;0;14;-42;-26;-23;-16;-26;-8;-37;-22;-2;-4;13;16;-40;-28;-7;-1;27;15;14;-29;-10;-31;26;-50;-11;-1;-11;4;-5;15;;17;-18;-14;15;30;-9;-8;-10;-15;-7;-11;-10;-5;-3;2;1;6;-17;-10;-9;-5;-2;3;-55;-38;-26;-20;-24;-17;-26;-15;-7;6;-4;10;-41;-17;-9;5;9;8
2021-12;-24;-17;-14;-13;-12;-3;-4;3;4;-5;3;12;-22;-3;3;-3;1;10;-59;-37;-17;-12;-16;-14;-22;-18;-11;-6;13;-5;-20;-25;5;4;12;-6;41;-25;-47;-63;55;1;-7;3;-5;0;18;23;;55;-13;-14;5;-29;-10;-1;-11;-9;-4;1;-8;-3;-1;5;11;5;-17;-5;-8;-2;5;-3;-62;-35;-31;-17;-20;-15;-23;-10;-10;-9;-4;4;-44;-23;-11;5;0;-6
2022-01;-25;-18;-16;-15;-14;-2;-5;-2;0;-6;-4;11;-30;-10;-1;-5;-1;18;-48;-35;-29;-5;-25;11;-27;-5;-6;-9;3;13;-22;-24;-14;-12;-2;20;;;;;;;;;;;;;;;;;;;-11;-15;-14;-16;-13;-5;-15;-9;-8;-5;-1;1;-16;-10;-12;-3;-7;-9;;;;;;;;;;;;;;;;;;
2022-02;-31;-21;-17;-16;-16;-9;-8;-4;-1;-7;-2;9;-23;-6;2;-5;0;21;-23;-38;-28;-12;-15;-2;-19;-21;-7;-3;5;-21;0;-8;-8;0;-1;20;;;;;;;;;;;;;;;;;;;-13;-10;-12;-15;-12;-15;-14;-11;-4;2;2;7;-14;-10;-10;1;-4;-6;;;;;;;;;;;;;;;;;;
2022-03;-29;-19;-14;-18;-14;-8;-8;-1;-1;-7;-1;12;-25;-6;1;-6;-2;20;-26;-24;-9;-25;-14;-24;-21;-4;0;-17;-9;63;6;-5;-6;-6;7;17;;;;;;;;;;;;;;;;;;;-8;-11;-11;-9;-7;1;-10;-4;0;3;8;12;-15;-7;-6;5;7;2;;;;;;;;;;;;;;;;;;
2022-04;-33;-23;-17;-17;-15;-14;-9;-4;-1;-7;-3;8;-31;-7;0;-6;-2;15;-56;-41;-17;-12;-20;17;-29;-4;0;1;-9;18;-18;26;-12;0;22;31;;;;;;;;;;;;;;;;;;;-14;-14;-12;-9;-9;-6;-15;-10;-5;-1;-2;0;-16;-9;-12;-3;-6;0;;;;;;;;;;;;;;;;;;
2022-05;-33;-24;-16;-18;-17;-10;-10;-4;0;-7;-3;9;-22;-7;3;-1;6;26;-63;-34;-11;-26;-17;-16;-26;-17;-11;-13;-5;-10;67;13;-5;11;9;17;;;;;;;;;;;;;;;;;;;-15;-10;-15;-13;-14;-18;-17;-8;-8;0;3;-3;-15;-8;-10;0;-2;-7;;;;;;;;;;;;;;;;;;
2022-06;-37;-24;-18;-18;-16;-21;-11;-4;-2;-6;-2;9;-36;-7;1;-4;0;23;-45;-30;-15;-38;-8;-14;-27;-18;-1;10;11;-4;56;7;7;-7;8;30;;;;;;;;;;;;;;;;;;;-7;-11;-11;-11;-13;0;-17;-9;-7;1;3;0;-16;-10;-11;0;-1;4;;;;;;;;;;;;;;;;;;
2022-07;-40;-29;-20;-20;-21;-5;-13;-6;-3;-7;-5;5;-30;-6;1;-2;3;16;-13;-36;-17;-22;-21;-38;-20;-17;-9;-12;-2;-21;14;3;0;-5;-4;2;;;;;;;;;;;;;;;;;;;-6;-8;-11;-13;-13;-3;-18;-9;-5;-1;8;1;-18;-11;-12;-3;-3;-5;;;;;;;;;;;;;;;;;;
2022-08;-41;-28;-19;-22;-16;-14;-13;-4;0;-2;3;12;-25;-9;6;4;7;18;-24;-32;-17;4;-12;-22;-20;-11;5;9;28;30;42;7;-9;8;6;51;;;;;;;;;;;;;;;;;;;-8;-8;-12;-9;-10;-3;-19;-8;-2;4;10;15;-14;-9;-7;0;2;-8;;;;;;;;;;;;;;;;;;
2022-09;-46;-34;-28;-28;-24;-20;-22;-15;-8;-11;-7;1;-32;-12;-2;-7;-2;11;-25;-20;-11;-18;-16;4;-11;-4;-8;-6;16;14;-52;14;2;1;18;27;;;;;;;;;;;;;;;;;;;-10;-11;-14;-12;-14;-12;-20;-10;-5;2;2;9;-16;-11;-11;-2;-3;-1;;;;;;;;;;;;;;;;;;
2022-10;-45;-32;-24;-24;-23;-18;-21;-10;-4;-9;-6;2;-34;-14;1;-3;-2;12;-38;-29;-25;-33;-15;-34;0;-6;-7;-16;12;-9;122;21;-1;10;0;-18;;;;;;;;;;;;;;;;;;;-12;-9;-14;-13;-20;-9;-17;-9;-6;0;3;9;-17;-10;-14;-5;-6;-13;;;;;;;;;;;;;;;;;;
2022-11;-45;-33;-23;-24;-24;-18;-13;-2;7;-2;3;16;-31;-1;10;0;8;29;-56;-42;-24;-29;-28;-20;-28;-23;4;8;14;26;-27;-8;-8;8;35;30;;;;;;;;;;;;;;;;;;;-14;-14;-17;-17;-16;-13;-18;-10;-6;1;7;14;-21;-13;-14;-3;-7;-5;;;;;;;;;;;;;;;;;;
2022-12;-41;-27;-19;-19;-23;-10;-9;3;8;-1;6;17;-18;-2;11;4;7;26;-56;-45;-32;-23;-29;-17;-28;-24;-16;-9;8;9;-30;-16;0;7;3;9;;;;;;;;;;;;;;;;;;;-14;-10;-16;-14;-18;-4;-20;-7;-5;6;12;10;-20;-10;-14;-3;3;-9;;;;;;;;;;;;;;;;;;
